image_id,dataset,scene,image,rotation_matrix,translation_vector
ETs_another_et_another_et001.png_public,ETs,cluster_0001,another_et_another_et001.png,0.996060002888;-0.0173572950409;-0.0869666312759;0.0100491369126;0.996433808693;-0.0837775610849;0.088110643477;0.0825735381517;0.992682288199,-1.98894559422;-1.3714046782;2.73617355325
ETs_another_et_another_et002.png_public,ETs,cluster_0001,another_et_another_et002.png,0.994584011992;-0.0169996825458;-0.10253611014;0.00549271134941;0.993751743349;-0.111477812646;0.103790525634;0.110310848893;0.988462970174,-1.87215418208;-0.762462659234;1.443696412
ETs_another_et_another_et003.png_public,ETs,cluster_0001,another_et_another_et003.png,0.997607410077;-0.0500074083823;-0.0477358823865;0.0405201095181;0.982400350961;-0.182339439388;0.0560140704196;0.1799689127;0.982076175445,-2.02218118326;0.430490903925;-0.0389959345742
ETs_another_et_another_et004.png_public,ETs,cluster_0001,another_et_another_et004.png,0.997609585343;-0.022130226866;-0.0654627244426;0.0233075676906;0.999579057957;0.0172761159223;0.0650528440649;-0.0187605957227;0.997705451287,-1.94868064276;-0.91686590037;0.301310194192
ETs_another_et_another_et005.png_public,ETs,cluster_0001,another_et_another_et005.png,0.999981425996;-0.00194918572997;-0.00577480204774;0.00171887491902;0.999213261599;-0.0396220054263;0.00584748943678;0.0396113433246;0.999198052614,-2.34174396138;-1.50001985118;1.5075555828
ETs_another_et_another_et006.png_public,ETs,cluster_0001,another_et_another_et006.png,0.88044037537;0.139137187169;-0.453283121862;-0.215831350481;0.968798417271;-0.121846029242;0.422186657259;0.205110872065;0.882999409169,-0.343985887938;-0.49333846553;1.42859888077
ETs_another_et_another_et007.png_public,ETs,cluster_0001,another_et_another_et007.png,0.717190773958;0.186504582091;-0.671456204535;-0.302318399396;0.951401094669;-0.0586476124835;0.627886119559;0.245055091607;0.738719854168,0.896613956608;-0.258022479528;1.03129878146
ETs_another_et_another_et008.png_public,ETs,cluster_0001,another_et_another_et008.png,0.480994177144;0.214596939209;-0.850054560152;-0.377558227195;0.925768239096;0.0200736782237;0.791261263194;0.311289770411;0.526311972319,2.12705547104;-0.512736962233;1.66547563281
ETs_another_et_another_et009.png_public,ETs,cluster_0001,another_et_another_et009.png,0.213112969129;0.239588266905;-0.947196032905;-0.465531551757;0.877243221063;0.117152487886;0.85898966042;0.415982924482;0.298487805164,3.33601421314;-0.775314598394;2.14029976182
ETs_another_et_another_et010.png_public,ETs,cluster_0001,another_et_another_et010.png,-0.299068282039;0.253440231085;-0.919959896923;-0.514411059346;0.769181819482;0.379131363251;0.803703567679;0.586623710607;-0.0996654275749,4.14948533296;-1.56259161816;3.69593437786
ETs_et_et000.png_public,ETs,cluster_0002,et_et000.png,0.974467042702;0.0649209946187;-0.214940101295;-0.0713376077981;0.997204633175;-0.0222230800653;0.212896520406;0.0369889717572;0.976374358311,3.35098036375;-1.35899245418;1.82359573752
ETs_et_et001.png_public,ETs,cluster_0002,et_et001.png,0.994945566488;0.0939924382435;0.0353375335785;-0.0946884671695;0.995333844429;0.0185642753532;-0.0334277416446;-0.0218165003458;0.999202995593,1.87362473997;-1.54484638094;1.9925811266
ETs_et_et002.png_public,ETs,cluster_0002,et_et002.png,0.973009350036;-0.065096822888;0.221393785803;0.0562507465595;0.997354763213;0.0460361793421;-0.223804955829;-0.0323400672047;0.974097254795,1.124055867;-1.15612547298;1.92387524652
ETs_et_et003.png_public,ETs,cluster_0002,et_et003.png,0.954879316685;0.0158052938801;-0.296573234214;-0.0133495330785;0.999857799959;0.0103038743556;0.296693917251;-0.00587984230355;0.954954526101,3.60886496456;-1.35332689432;2.16887137744
ETs_et_et004.png_public,ETs,cluster_0002,et_et004.png,0.98556456943;-0.157793897829;0.0613479037235;0.169183592188;0.931385035526;-0.322333410823;-0.00627627419466;0.328059447976;0.944636229972,1.96500806272;1.20313968821;1.06585709743
ETs_et_et005.png_public,ETs,cluster_0002,et_et005.png,0.516131619363;-0.300260342272;0.80215452274;0.496767530259;0.867867934104;0.00522205258835;-0.697732163781;0.395789054689;0.597093670887,-2.69226997518;-0.0748869780288;1.29825891604
ETs_et_et006.png_public,ETs,cluster_0002,et_et006.png,0.578605646574;-0.231702948807;0.782003356302;0.27904988343;0.957173599413;0.0771353559935;-0.766385456745;0.173586992889;0.618482730227,-2.51389812584;-0.97587843071;1.54399301965
ETs_et_et007.png_public,ETs,cluster_0002,et_et007.png,0.525862712693;-0.268624033615;0.807037505921;0.349857172524;0.933151283659;0.0826355894265;-0.775285989963;0.238892884721;0.58468951025,-3.17886676376;-0.516612789527;2.06707535678
ETs_et_et008.png_public,ETs,cluster_0002,et_et008.png,0.245928955793;-0.437948494394;0.864708080777;0.588824307339;0.776131948977;0.225621658677;-0.769938233749;0.453674237791;0.448748038631,-4.39631414872;-1.49187523288;2.43690371895
ETs_outliers_out_et001.png_public,ETs,cluster_0001,outliers_out_et001.png,nan;nan;nan;nan;nan;nan;nan;nan;nan,nan;nan;nan
ETs_outliers_out_et002.png_public,ETs,cluster_0001,outliers_out_et002.png,nan;nan;nan;nan;nan;nan;nan;nan;nan,nan;nan;nan
ETs_outliers_out_et003.png_public,ETs,cluster_0002,outliers_out_et003.png,nan;nan;nan;nan;nan;nan;nan;nan;nan,nan;nan;nan
stairs_stairs_split_1_1710453576271.png_public,stairs,cluster_0002,stairs_split_1_1710453576271.png,nan;nan;nan;nan;nan;nan;nan;nan;nan,nan;nan;nan
stairs_stairs_split_1_1710453601885.png_public,stairs,cluster_0002,stairs_split_1_1710453601885.png,nan;nan;nan;nan;nan;nan;nan;nan;nan,nan;nan;nan
stairs_stairs_split_1_1710453606287.png_public,stairs,cluster_0002,stairs_split_1_1710453606287.png,nan;nan;nan;nan;nan;nan;nan;nan;nan,nan;nan;nan
stairs_stairs_split_1_1710453612890.png_public,stairs,cluster_0002,stairs_split_1_1710453612890.png,nan;nan;nan;nan;nan;nan;nan;nan;nan,nan;nan;nan
stairs_stairs_split_1_1710453616892.png_public,stairs,cluster_0002,stairs_split_1_1710453616892.png,nan;nan;nan;nan;nan;nan;nan;nan;nan,nan;nan;nan
stairs_stairs_split_1_1710453620694.png_public,stairs,cluster_0001,stairs_split_1_1710453620694.png,nan;nan;nan;nan;nan;nan;nan;nan;nan,nan;nan;nan
stairs_stairs_split_1_1710453626698.png_public,stairs,cluster_0002,stairs_split_1_1710453626698.png,nan;nan;nan;nan;nan;nan;nan;nan;nan,nan;nan;nan
stairs_stairs_split_1_1710453643106.png_public,stairs,cluster_0002,stairs_split_1_1710453643106.png,1;0;0;0;1;0;0;0;1,-3.03537211983;1.52958840855;3.66699814488
stairs_stairs_split_1_1710453651110.png_public,stairs,cluster_0001,stairs_split_1_1710453651110.png,nan;nan;nan;nan;nan;nan;nan;nan;nan,nan;nan;nan
stairs_stairs_split_1_1710453659313.png_public,stairs,cluster_0002,stairs_split_1_1710453659313.png,nan;nan;nan;nan;nan;nan;nan;nan;nan,nan;nan;nan
stairs_stairs_split_1_1710453663515.png_public,stairs,cluster_0002,stairs_split_1_1710453663515.png,nan;nan;nan;nan;nan;nan;nan;nan;nan,nan;nan;nan
stairs_stairs_split_1_1710453667117.png_public,stairs,cluster_0002,stairs_split_1_1710453667117.png,nan;nan;nan;nan;nan;nan;nan;nan;nan,nan;nan;nan
stairs_stairs_split_1_1710453668718.png_public,stairs,cluster_0001,stairs_split_1_1710453668718.png,nan;nan;nan;nan;nan;nan;nan;nan;nan,nan;nan;nan
stairs_stairs_split_1_1710453675921.png_public,stairs,cluster_0001,stairs_split_1_1710453675921.png,nan;nan;nan;nan;nan;nan;nan;nan;nan,nan;nan;nan
stairs_stairs_split_1_1710453678922.png_public,stairs,cluster_0002,stairs_split_1_1710453678922.png,nan;nan;nan;nan;nan;nan;nan;nan;nan,nan;nan;nan
stairs_stairs_split_1_1710453683725.png_public,stairs,cluster_0003,stairs_split_1_1710453683725.png,nan;nan;nan;nan;nan;nan;nan;nan;nan,nan;nan;nan
stairs_stairs_split_1_1710453689727.png_public,stairs,cluster_0001,stairs_split_1_1710453689727.png,nan;nan;nan;nan;nan;nan;nan;nan;nan,nan;nan;nan
stairs_stairs_split_1_1710453693529.png_public,stairs,cluster_0001,stairs_split_1_1710453693529.png,nan;nan;nan;nan;nan;nan;nan;nan;nan,nan;nan;nan
stairs_stairs_split_1_1710453697531.png_public,stairs,cluster_0001,stairs_split_1_1710453697531.png,nan;nan;nan;nan;nan;nan;nan;nan;nan,nan;nan;nan
stairs_stairs_split_1_1710453704934.png_public,stairs,cluster_0001,stairs_split_1_1710453704934.png,nan;nan;nan;nan;nan;nan;nan;nan;nan,nan;nan;nan
stairs_stairs_split_1_1710453901046.png_public,stairs,cluster_0002,stairs_split_1_1710453901046.png,nan;nan;nan;nan;nan;nan;nan;nan;nan,nan;nan;nan
stairs_stairs_split_1_1710453912451.png_public,stairs,cluster_0002,stairs_split_1_1710453912451.png,nan;nan;nan;nan;nan;nan;nan;nan;nan,nan;nan;nan
stairs_stairs_split_1_1710453930259.png_public,stairs,cluster_0002,stairs_split_1_1710453930259.png,nan;nan;nan;nan;nan;nan;nan;nan;nan,nan;nan;nan
stairs_stairs_split_1_1710453947066.png_public,stairs,cluster_0002,stairs_split_1_1710453947066.png,nan;nan;nan;nan;nan;nan;nan;nan;nan,nan;nan;nan
stairs_stairs_split_1_1710453955270.png_public,stairs,cluster_0002,stairs_split_1_1710453955270.png,0.786483142281;-0.485651440933;0.381558573259;0.194143951831;0.780884457388;0.593740339018;-0.586304010625;-0.392889478262;0.70843875176,1.73094123714;-2.78237739754;-3.77653524427
stairs_stairs_split_1_1710453963274.png_public,stairs,cluster_0002,stairs_split_1_1710453963274.png,nan;nan;nan;nan;nan;nan;nan;nan;nan,nan;nan;nan
stairs_stairs_split_1_1710453985484.png_public,stairs,cluster_0002,stairs_split_1_1710453985484.png,nan;nan;nan;nan;nan;nan;nan;nan;nan,nan;nan;nan
stairs_stairs_split_1_1710453990286.png_public,stairs,cluster_0002,stairs_split_1_1710453990286.png,nan;nan;nan;nan;nan;nan;nan;nan;nan,nan;nan;nan
stairs_stairs_split_2_1710453720741.png_public,stairs,cluster_0001,stairs_split_2_1710453720741.png,nan;nan;nan;nan;nan;nan;nan;nan;nan,nan;nan;nan
stairs_stairs_split_2_1710453725143.png_public,stairs,cluster_0003,stairs_split_2_1710453725143.png,nan;nan;nan;nan;nan;nan;nan;nan;nan,nan;nan;nan
stairs_stairs_split_2_1710453728949.png_public,stairs,cluster_0003,stairs_split_2_1710453728949.png,nan;nan;nan;nan;nan;nan;nan;nan;nan,nan;nan;nan
stairs_stairs_split_2_1710453733751.png_public,stairs,cluster_0003,stairs_split_2_1710453733751.png,nan;nan;nan;nan;nan;nan;nan;nan;nan,nan;nan;nan
stairs_stairs_split_2_1710453736752.png_public,stairs,cluster_0001,stairs_split_2_1710453736752.png,nan;nan;nan;nan;nan;nan;nan;nan;nan,nan;nan;nan
stairs_stairs_split_2_1710453739354.png_public,stairs,cluster_0001,stairs_split_2_1710453739354.png,nan;nan;nan;nan;nan;nan;nan;nan;nan,nan;nan;nan
stairs_stairs_split_2_1710453740954.png_public,stairs,cluster_0001,stairs_split_2_1710453740954.png,1;0;0;0;1;0;0;0;1,-1.84884814661;0.573884128104;-4.61003444003
stairs_stairs_split_2_1710453745156.png_public,stairs,cluster_0001,stairs_split_2_1710453745156.png,nan;nan;nan;nan;nan;nan;nan;nan;nan,nan;nan;nan
stairs_stairs_split_2_1710453753160.png_public,stairs,cluster_0003,stairs_split_2_1710453753160.png,nan;nan;nan;nan;nan;nan;nan;nan;nan,nan;nan;nan
stairs_stairs_split_2_1710453756762.png_public,stairs,cluster_0001,stairs_split_2_1710453756762.png,nan;nan;nan;nan;nan;nan;nan;nan;nan,nan;nan;nan
stairs_stairs_split_2_1710453759963.png_public,stairs,cluster_0001,stairs_split_2_1710453759963.png,nan;nan;nan;nan;nan;nan;nan;nan;nan,nan;nan;nan
stairs_stairs_split_2_1710453765165.png_public,stairs,cluster_0003,stairs_split_2_1710453765165.png,nan;nan;nan;nan;nan;nan;nan;nan;nan,nan;nan;nan
stairs_stairs_split_2_1710453774370.png_public,stairs,cluster_0003,stairs_split_2_1710453774370.png,nan;nan;nan;nan;nan;nan;nan;nan;nan,nan;nan;nan
stairs_stairs_split_2_1710453779372.png_public,stairs,cluster_0001,stairs_split_2_1710453779372.png,nan;nan;nan;nan;nan;nan;nan;nan;nan,nan;nan;nan
stairs_stairs_split_2_1710453783374.png_public,stairs,cluster_0001,stairs_split_2_1710453783374.png,nan;nan;nan;nan;nan;nan;nan;nan;nan,nan;nan;nan
stairs_stairs_split_2_1710453786375.png_public,stairs,cluster_0001,stairs_split_2_1710453786375.png,0.999243134427;-0.0379757841017;0.00842603839215;0.0379507212381;0.999274757628;0.00311472711402;-0.00853821167649;-0.00279259545014;0.999959649362,1.90808684403;-0.488943803127;4.59566519157
stairs_stairs_split_2_1710453790978.png_public,stairs,cluster_0001,stairs_split_2_1710453790978.png,nan;nan;nan;nan;nan;nan;nan;nan;nan,nan;nan;nan
stairs_stairs_split_2_1710453793579.png_public,stairs,cluster_0003,stairs_split_2_1710453793579.png,nan;nan;nan;nan;nan;nan;nan;nan;nan,nan;nan;nan
stairs_stairs_split_2_1710453798181.png_public,stairs,cluster_0003,stairs_split_2_1710453798181.png,nan;nan;nan;nan;nan;nan;nan;nan;nan,nan;nan;nan
stairs_stairs_split_2_1710453801783.png_public,stairs,cluster_0001,stairs_split_2_1710453801783.png,nan;nan;nan;nan;nan;nan;nan;nan;nan,nan;nan;nan
stairs_stairs_split_2_1710453805788.png_public,stairs,cluster_0001,stairs_split_2_1710453805788.png,nan;nan;nan;nan;nan;nan;nan;nan;nan,nan;nan;nan
stairs_stairs_split_2_1710453862225.png_public,stairs,outliers,stairs_split_2_1710453862225.png,nan;nan;nan;nan;nan;nan;nan;nan;nan,nan;nan;nan
stairs_stairs_split_2_1710453871430.png_public,stairs,cluster_0002,stairs_split_2_1710453871430.png,nan;nan;nan;nan;nan;nan;nan;nan;nan,nan;nan;nan
