i,j,num_matches,num_inliers,inlier_ratio,median_error,geom_model
0,1,26,18,0.6923076923076923,0.03655180335044861,F
0,2,8,7,0.875,1.1563500672403734e-14,F
0,15,13,7,0.5384615384615384,1.6461565251657713e-14,F
0,16,9,7,0.7777777777777778,2.8159979637834218e-14,F
0,18,5,0,0.0,inf,none
0,19,12,7,0.5833333333333334,1.4194237622842769e-14,F
0,42,6,0,0.0,inf,none
0,129,10,7,0.7,2.955772630233895e-14,F
0,130,10,7,0.7,3.203774390420945e-14,F
0,131,10,7,0.7,1.3920955147905378e-14,F
0,145,11,7,0.6363636363636364,6.139094478407143e-15,F
0,146,8,7,0.875,3.467899253352391e-14,F
1,2,30,19,0.6333333333333333,0.07552578300237656,F
1,3,15,8,0.5333333333333333,1.961863322892752e-14,F
1,4,7,0,0.0,inf,none
1,6,10,7,0.7,1.3536786742809979e-14,F
1,15,9,7,0.7777777777777778,2.5861996192592246e-14,F
1,16,5,0,0.0,inf,none
1,17,10,7,0.7,1.136422092496911e-14,F
1,18,17,8,0.47058823529411764,1.5330035960277322e-14,F
1,19,4,0,0.0,inf,none
1,20,14,8,0.5714285714285714,2.9442533209644156e-14,F
1,43,7,0,0.0,inf,none
1,66,13,7,0.5384615384615384,1.6726573061733377e-14,F
1,129,7,0,0.0,inf,none
1,130,7,0,0.0,inf,none
1,131,12,7,0.5833333333333334,1.9103559269965757e-14,F
1,133,7,0,0.0,inf,none
1,145,6,0,0.0,inf,none
1,146,4,0,0.0,inf,none
1,161,11,7,0.6363636363636364,0.0,F
2,3,126,97,0.7698412698412699,0.3414042294025421,F
2,4,18,9,0.5,8.539880364281591e-14,F
2,6,2,0,0.0,inf,none
2,10,8,7,0.875,2.0119622724042337e-14,F
2,15,10,7,0.7,1.2989627175806224e-14,F
2,16,5,0,0.0,inf,none
2,17,4,0,0.0,inf,none
2,18,4,0,0.0,inf,none
2,19,9,7,0.7777777777777778,1.7098706822714187e-14,F
2,20,9,8,0.8888888888888888,1.3882526957154345e-14,F
2,30,9,7,0.7777777777777778,2.230362941590177e-14,F
2,43,7,0,0.0,inf,none
2,44,12,8,0.6666666666666666,2.869686638925367e-14,F
2,129,4,0,0.0,inf,none
2,130,6,0,0.0,inf,none
2,131,6,0,0.0,inf,none
2,133,9,7,0.7777777777777778,2.669618812036617e-14,F
2,146,13,7,0.5384615384615384,2.5976398156514306e-14,F
2,160,8,7,0.875,0.0,F
2,161,12,7,0.5833333333333334,2.2201507735649002e-14,F
3,4,17,12,0.7058823529411765,9.392859482825616e-14,F
3,6,9,7,0.7777777777777778,2.1371088492622148e-14,F
3,9,6,0,0.0,inf,none
3,10,6,0,0.0,inf,none
3,30,6,0,0.0,inf,none
3,40,6,0,0.0,inf,none
3,43,8,7,0.875,1.655691913866192e-14,F
3,44,11,7,0.6363636363636364,2.5673328073920823e-14,F
3,47,11,7,0.6363636363636364,2.0786378261000715e-14,F
3,54,8,7,0.875,1.7199183564983386e-14,F
3,147,8,7,0.875,1.6338947068147286e-14,F
3,160,6,0,0.0,inf,none
3,161,10,7,0.7,1.786421284879526e-14,F
4,6,18,9,0.5,6.405139819139899e-14,F
4,9,12,7,0.5833333333333334,4.2034623259348466e-14,F
4,10,8,7,0.875,2.3067404106638656e-14,F
4,40,10,7,0.7,3.9600667309149656e-14,F
4,43,10,7,0.7,2.1598118733474718e-14,F
4,44,12,7,0.5833333333333334,2.3458831584092024e-14,F
4,47,7,0,0.0,inf,none
4,160,10,7,0.7,2.5477966700900197e-14,F
4,161,4,0,0.0,inf,none
5,6,103,80,0.7766990291262136,0.2983068525791168,F
5,7,27,11,0.4074074074074074,7.407482017097317e-14,F
5,8,20,9,0.45,8.855551925437966e-14,F
5,32,10,7,0.7,1.5154457888772767e-14,F
5,33,16,9,0.5625,4.580054529536824e-14,F
5,34,14,8,0.5714285714285714,1.2441413730409495e-13,F
5,35,15,9,0.6,1.63813854516838e-13,F
5,41,10,7,0.7,1.0682336532539822e-14,F
5,44,19,9,0.47368421052631576,7.786073896081172e-14,F
5,45,11,7,0.6363636363636364,9.886459293101998e-15,F
5,48,7,0,0.0,inf,none
5,50,13,7,0.5384615384615384,0.0,F
5,51,18,10,0.5555555555555556,1.1100932591776372e-13,F
5,52,7,0,0.0,inf,none
5,53,8,7,0.875,0.0,F
5,54,8,7,0.875,1.697060664196913e-14,F
5,58,12,7,0.5833333333333334,3.5190990068821246e-14,F
5,59,15,9,0.6,6.895612553181607e-14,F
5,60,14,8,0.5714285714285714,5.413081956414864e-14,F
5,68,17,10,0.5882352941176471,5.949342581079708e-14,F
5,69,10,7,0.7,4.501626478401128e-15,F
5,75,11,7,0.6363636363636364,1.5738287206129055e-14,F
5,126,10,7,0.7,1.1873950106033697e-14,F
5,134,18,9,0.5,1.3959749426296214e-13,F
5,139,5,0,0.0,inf,none
5,147,13,7,0.5384615384615384,1.738696907532377e-14,F
5,150,13,7,0.5384615384615384,2.5737768646482036e-14,F
5,156,11,7,0.6363636363636364,1.8536299611123658e-14,F
6,7,103,90,0.8737864077669902,0.24592989683151245,F
6,8,14,8,0.5714285714285714,2.955583233666889e-14,F
6,9,10,7,0.7,1.643599840917779e-14,F
6,10,15,9,0.6,5.6222259107400335e-14,F
6,17,7,0,0.0,inf,none
6,30,7,0,0.0,inf,none
6,34,13,7,0.5384615384615384,1.0236008614610166e-14,F
6,35,9,7,0.7777777777777778,1.4719733475187548e-14,F
6,38,11,7,0.6363636363636364,3.428633177609934e-14,F
6,43,9,7,0.7777777777777778,8.049170291608062e-15,F
6,44,12,8,0.6666666666666666,1.2850402911364876e-14,F
6,47,13,7,0.5384615384615384,1.7680679443850093e-14,F
6,133,6,0,0.0,inf,none
6,146,11,7,0.6363636363636364,1.2917868238580734e-14,F
6,147,16,10,0.625,1.0920887946134356e-13,F
6,149,10,7,0.7,9.538639612872123e-15,F
6,155,5,0,0.0,inf,none
6,161,4,0,0.0,inf,none
6,162,11,7,0.6363636363636364,0.0,F
7,8,25,13,0.52,9.306290005110796e-14,F
7,11,5,0,0.0,inf,none
7,29,11,8,0.7272727272727273,9.106280115275638e-15,F
7,32,8,7,0.875,2.6968488884117695e-14,F
7,33,10,7,0.7,2.1275317865407893e-14,F
7,38,6,0,0.0,inf,none
7,40,9,7,0.7777777777777778,1.7601646187673584e-14,F
7,41,12,7,0.5833333333333334,4.652219364950638e-14,F
7,50,17,10,0.5882352941176471,4.075224587039156e-14,F
7,51,8,7,0.875,2.3575562888619034e-14,F
7,69,11,7,0.6363636363636364,1.2145110763438216e-14,F
7,126,8,4,0.5,0.0,H
7,134,12,8,0.6666666666666666,1.8621287508919365e-14,F
7,135,9,7,0.7777777777777778,2.7714628348892746e-14,F
7,140,11,7,0.6363636363636364,4.078956953017937e-14,F
7,156,13,7,0.5384615384615384,1.5969239209527412e-14,F
7,158,9,4,0.4444444444444444,0.8081823587417603,H
7,159,7,0,0.0,inf,none
7,162,8,7,0.875,1.3678338653790381e-14,F
8,9,40,33,0.825,0.2123030424118042,F
8,10,21,11,0.5238095238095238,3.906019591429742e-14,F
8,11,8,7,0.875,0.0,F
8,30,9,7,0.7777777777777778,3.299075083756063e-14,F
8,33,6,0,0.0,inf,none
8,34,13,8,0.6153846153846154,2.0062930808882606e-14,F
8,38,4,0,0.0,inf,none
8,40,10,7,0.7,0.0,F
8,41,11,7,0.6363636363636364,3.7497467560458284e-14,F
8,43,8,7,0.875,8.701637229779208e-15,F
8,44,14,8,0.5714285714285714,5.532786685399915e-13,F
8,50,6,0,0.0,inf,none
8,51,5,0,0.0,inf,none
8,68,7,0,0.0,inf,none
8,75,11,7,0.6363636363636364,1.949147494881981e-14,F
8,76,8,7,0.875,3.2390912597501237e-15,F
8,134,12,7,0.5833333333333334,0.0,F
8,135,9,7,0.7777777777777778,2.429389595580162e-15,F
8,140,8,7,0.875,0.0,F
8,147,13,7,0.5384615384615384,0.0,F
8,148,8,7,0.875,1.6977406622469687e-14,F
8,149,5,0,0.0,inf,none
8,155,6,0,0.0,inf,none
8,156,11,7,0.6363636363636364,2.0354289813947352e-14,F
8,162,11,7,0.6363636363636364,6.9133270614273046e-15,F
9,10,87,74,0.8505747126436781,0.27779483795166016,F
9,11,9,7,0.7777777777777778,0.0,F
9,30,8,7,0.875,2.4766248961035665e-14,F
9,38,7,0,0.0,inf,none
9,40,6,0,0.0,inf,none
9,43,5,0,0.0,inf,none
9,44,5,0,0.0,inf,none
9,67,3,0,0.0,inf,none
9,135,5,0,0.0,inf,none
9,140,9,7,0.7777777777777778,2.2514970912505296e-14,F
9,148,8,7,0.875,0.0,F
9,155,1,0,0.0,inf,none
9,160,7,0,0.0,inf,none
9,161,3,0,0.0,inf,none
10,11,25,17,0.68,0.0957089364528656,F
10,30,7,0,0.0,inf,none
10,38,7,0,0.0,inf,none
10,40,5,0,0.0,inf,none
10,43,7,0,0.0,inf,none
10,44,5,0,0.0,inf,none
10,140,5,0,0.0,inf,none
10,155,5,0,0.0,inf,none
10,160,5,0,0.0,inf,none
10,161,9,7,0.7777777777777778,2.0885201594956875e-14,F
10,162,6,0,0.0,inf,none
11,12,59,43,0.7288135593220338,0.48093342781066895,F
11,17,8,7,0.875,0.0,F
11,29,9,7,0.7777777777777778,1.5017153848022845e-14,F
11,30,8,8,1.0,1.2274699181071599e-14,F
11,32,6,0,0.0,inf,none
11,33,4,0,0.0,inf,none
11,34,9,7,0.7777777777777778,3.9173779644392434e-14,F
11,38,7,0,0.0,inf,none
11,44,7,0,0.0,inf,none
11,51,8,7,0.875,0.0,F
11,75,7,0,0.0,inf,none
11,76,13,9,0.6923076923076923,2.389868393513992e-14,F
11,77,5,0,0.0,inf,none
11,128,8,7,0.875,3.427177975006551e-14,F
11,132,5,0,0.0,inf,none
11,133,10,7,0.7,2.0180366844821732e-14,F
11,134,7,0,0.0,inf,none
11,135,7,0,0.0,inf,none
11,140,3,0,0.0,inf,none
11,147,16,9,0.5625,3.540529618074016e-14,F
11,149,4,0,0.0,inf,none
11,150,4,0,0.0,inf,none
11,155,3,0,0.0,inf,none
11,156,6,0,0.0,inf,none
11,162,9,7,0.7777777777777778,3.9242209742135215e-14,F
12,14,8,7,0.875,1.7343111403380837e-14,F
12,15,8,7,0.875,4.700715728125915e-14,F
12,17,10,7,0.7,1.699823516264267e-14,F
12,18,9,7,0.7777777777777778,0.0,F
12,19,8,7,0.875,1.7491016908498594e-14,F
12,29,6,0,0.0,inf,none
12,33,4,0,0.0,inf,none
12,38,3,0,0.0,inf,none
12,76,7,0,0.0,inf,none
12,77,3,0,0.0,inf,none
12,127,7,0,0.0,inf,none
12,128,4,0,0.0,inf,none
12,129,9,7,0.7777777777777778,1.3290395869882017e-14,F
12,132,5,0,0.0,inf,none
12,133,5,0,0.0,inf,none
12,146,6,0,0.0,inf,none
13,14,42,31,0.7380952380952381,0.41891080141067505,F
13,41,9,7,0.7777777777777778,1.3974103924246743e-14,F
13,42,4,0,0.0,inf,none
13,45,4,0,0.0,inf,none
13,46,5,0,0.0,inf,none
13,59,13,7,0.5384615384615384,2.0019455995831832e-14,F
13,72,13,7,0.5384615384615384,2.3392493657728962e-14,F
14,32,13,7,0.5384615384615384,1.5882643643197816e-14,F
14,33,12,7,0.5833333333333334,2.0337047611273043e-14,F
14,41,13,7,0.5384615384615384,2.7727576094524475e-14,F
14,45,5,0,0.0,inf,none
14,48,5,0,0.0,inf,none
14,52,7,0,0.0,inf,none
14,53,7,0,0.0,inf,none
14,59,15,10,0.6666666666666666,7.0671191067153e-14,F
14,60,10,7,0.7,1.526016251839242e-14,F
14,64,3,0,0.0,inf,none
14,65,7,0,0.0,inf,none
14,69,10,7,0.7,8.310644280227781e-15,F
14,71,8,7,0.875,3.253723584507352e-14,F
14,72,10,7,0.7,1.8980585332617483e-14,F
14,74,11,7,0.6363636363636364,1.4235798141432748e-14,F
14,77,15,8,0.5333333333333333,6.287308727034174e-14,F
14,126,4,0,0.0,inf,none
14,127,10,7,0.7,2.859659124082592e-14,F
14,138,7,0,0.0,inf,none
14,142,15,11,0.7333333333333333,1.5029782431640049e-13,F
15,16,87,70,0.8045977011494253,0.25048381090164185,F
15,17,15,9,0.6,6.533484961813302e-14,F
15,18,7,0,0.0,inf,none
15,19,8,7,0.875,2.9923593713575974e-14,F
15,20,16,8,0.5,2.0575053705056134e-13,F
15,29,7,0,0.0,inf,none
15,43,6,0,0.0,inf,none
15,47,13,8,0.6153846153846154,0.0,F
15,66,7,0,0.0,inf,none
15,128,9,7,0.7777777777777778,1.7047933550273396e-15,F
15,129,4,0,0.0,inf,none
15,130,8,7,0.875,1.5383470186721912e-14,F
15,131,8,7,0.875,0.0,F
15,132,7,0,0.0,inf,none
15,133,12,7,0.5833333333333334,0.0,F
15,145,12,7,0.5833333333333334,3.9969031773515185e-14,F
15,146,9,9,1.0,2.2675839409847832e-14,F
15,155,7,0,0.0,inf,none
15,160,10,7,0.7,2.979254077597679e-14,F
16,17,47,32,0.6808510638297872,0.2500431537628174,F
16,18,12,7,0.5833333333333334,0.0,F
16,19,13,7,0.5384615384615384,2.081484195616025e-14,F
16,20,9,7,0.7777777777777778,3.5667456266047157e-14,F
16,129,13,7,0.5384615384615384,9.042233413034898e-15,F
16,130,6,0,0.0,inf,none
16,131,12,8,0.6666666666666666,2.550100430299962e-14,F
16,133,4,0,0.0,inf,none
16,145,18,9,0.5,2.0479454178497225e-14,F
16,146,6,0,0.0,inf,none
16,160,9,7,0.7777777777777778,1.5751739783397348e-14,F
17,18,21,10,0.47619047619047616,6.419016929321356e-14,F
17,19,14,8,0.5714285714285714,4.635479283407462e-14,F
17,20,10,7,0.7,1.8612017580344614e-14,F
17,29,9,7,0.7777777777777778,1.468482047116762e-14,F
17,30,4,0,0.0,inf,none
17,43,16,9,0.5625,3.5223611001685903e-14,F
17,66,8,7,0.875,3.303994312300537e-14,F
17,76,9,7,0.7777777777777778,1.2495012450652442e-14,F
17,128,11,8,0.7272727272727273,1.0932694060759775e-14,F
17,129,10,7,0.7,8.980776937546862e-15,F
17,130,5,0,0.0,inf,none
17,131,5,0,0.0,inf,none
17,132,7,0,0.0,inf,none
17,133,8,7,0.875,1.115014097084711e-14,F
17,146,11,7,0.6363636363636364,2.1845254148363316e-14,F
17,147,18,11,0.6111111111111112,2.624723016513529e-14,F
17,155,5,0,0.0,inf,none
17,161,12,7,0.5833333333333334,4.539155120162177e-15,F
17,162,9,7,0.7777777777777778,1.8903359644750414e-14,F
18,19,20,13,0.65,3.861389086625734e-14,F
18,20,17,10,0.5882352941176471,1.6091457593486735e-13,F
18,29,8,7,0.875,3.011348833595502e-14,F
18,43,13,7,0.5384615384615384,1.735502746288281e-14,F
18,128,9,7,0.7777777777777778,1.3050267958566054e-14,F
18,129,7,0,0.0,inf,none
18,130,5,0,0.0,inf,none
18,131,10,7,0.7,2.7479642774599564e-14,F
18,132,5,0,0.0,inf,none
18,133,7,0,0.0,inf,none
18,145,6,0,0.0,inf,none
18,146,10,8,0.8,9.361690195025963e-15,F
18,161,7,0,0.0,inf,none
19,20,81,65,0.8024691358024691,0.17111778259277344,F
19,29,1,0,0.0,inf,none
19,128,5,0,0.0,inf,none
19,129,7,0,0.0,inf,none
19,130,10,7,0.7,1.9852339783470348e-14,F
19,131,7,0,0.0,inf,none
19,132,6,0,0.0,inf,none
19,133,5,0,0.0,inf,none
19,145,6,0,0.0,inf,none
19,146,9,7,0.7777777777777778,1.1297548420591882e-14,F
20,21,18,13,0.7222222222222222,4.072006200652768e-14,F
20,129,10,7,0.7,2.2002295750850158e-14,F
20,130,7,0,0.0,inf,none
20,131,9,7,0.7777777777777778,2.8361672158619096e-15,F
20,145,11,7,0.6363636363636364,1.3387849551562466e-14,F
20,160,8,7,0.875,2.1075634930290375e-14,F
21,22,30,23,0.7666666666666667,0.09368222206830978,F
21,24,5,0,0.0,inf,none
21,27,8,7,0.875,0.0,F
21,28,6,0,0.0,inf,none
21,160,6,0,0.0,inf,none
22,23,15,10,0.6666666666666666,7.490958808115122e-14,F
22,24,13,7,0.5384615384615384,1.9246065787077715e-14,F
22,27,4,0,0.0,inf,none
22,28,6,0,0.0,inf,none
22,39,4,0,0.0,inf,none
23,24,91,78,0.8571428571428571,0.23463310301303864,F
23,25,12,7,0.5833333333333334,3.525892549932283e-14,F
23,26,8,7,0.875,1.1563900471954838e-14,F
23,27,13,7,0.5384615384615384,2.0500011668127087e-14,F
24,25,29,19,0.6551724137931034,0.11918150633573532,F
24,26,7,0,0.0,inf,none
24,27,14,8,0.5714285714285714,9.246677859162111e-14,F
24,28,7,0,0.0,inf,none
25,26,107,90,0.8411214953271028,0.32845360040664673,F
25,27,7,0,0.0,inf,none
25,82,5,0,0.0,inf,none
26,27,24,15,0.625,0.1374376118183136,F
26,81,4,0,0.0,inf,none
26,82,10,7,0.7,1.1889656637974633e-14,F
26,83,9,7,0.7777777777777778,8.110646248853885e-15,F
27,28,99,81,0.8181818181818182,0.2807720899581909,F
28,39,6,0,0.0,inf,none
28,40,5,0,0.0,inf,none
29,30,21,12,0.5714285714285714,4.129662378119653e-14,F
29,34,8,7,0.875,1.3715873224782061e-14,F
29,38,6,0,0.0,inf,none
29,41,9,7,0.7777777777777778,1.161260825455375e-14,F
29,74,11,7,0.6363636363636364,0.0,F
29,75,12,7,0.5833333333333334,1.7265509632885187e-14,F
29,76,12,7,0.5833333333333334,2.0553425565780943e-14,F
29,77,7,0,0.0,inf,none
29,127,12,8,0.6666666666666666,1.7218470505192367e-14,F
29,128,2,0,0.0,inf,none
29,129,7,0,0.0,inf,none
29,132,7,0,0.0,inf,none
29,133,6,0,0.0,inf,none
29,146,11,7,0.6363636363636364,2.158048181344699e-14,F
29,149,9,7,0.7777777777777778,2.2445654818299687e-14,F
29,155,5,0,0.0,inf,none
29,162,6,0,0.0,inf,none
30,31,68,54,0.7941176470588235,0.3154035806655884,F
30,34,11,8,0.7272727272727273,1.1491130177390327e-14,F
30,35,4,0,0.0,inf,none
30,43,9,7,0.7777777777777778,1.510584158573216e-14,F
30,44,12,7,0.5833333333333334,1.955025225909568e-14,F
30,76,11,7,0.6363636363636364,2.48319787177426e-14,F
30,128,17,9,0.5294117647058824,1.3630334924977228e-13,F
30,133,8,7,0.875,1.6438588635930493e-14,F
30,134,11,7,0.6363636363636364,1.321201567610784e-14,F
30,140,9,7,0.7777777777777778,1.8165206006602076e-14,F
30,146,9,7,0.7777777777777778,1.5093524032613187e-14,F
30,147,8,7,0.875,2.4936685542550387e-14,F
30,148,6,0,0.0,inf,none
30,149,5,0,0.0,inf,none
30,155,11,7,0.6363636363636364,1.771656484169347e-14,F
30,161,11,7,0.6363636363636364,9.048290545640714e-15,F
30,162,8,7,0.875,2.272782182182083e-14,F
31,32,55,45,0.8181818181818182,0.28985297679901123,F
31,40,15,9,0.6,3.765657084113874e-14,F
31,135,8,7,0.875,2.0911225835228316e-14,F
31,140,5,0,0.0,inf,none
31,148,6,0,0.0,inf,none
31,157,9,7,0.7777777777777778,1.2745388613597235e-14,F
32,33,43,30,0.6976744186046512,0.3737207055091858,F
32,34,11,8,0.7272727272727273,1.7062807872343655e-14,F
32,35,12,7,0.5833333333333334,2.5483955223837285e-14,F
32,41,12,7,0.5833333333333334,3.0576737431071976e-14,F
32,48,9,7,0.7777777777777778,1.544192393041193e-14,F
32,51,10,7,0.7,1.0579368666372747e-14,F
32,52,8,8,1.0,2.4235055965087654e-14,F
32,53,6,0,0.0,inf,none
32,58,8,5,0.625,153.12811279296875,H
32,59,13,7,0.5384615384615384,3.2797549398555503e-14,F
32,60,13,8,0.6153846153846154,2.04400671464499e-14,F
32,68,10,7,0.7,1.3232261457613113e-14,F
32,69,6,0,0.0,inf,none
32,74,9,7,0.7777777777777778,2.9484420682951776e-14,F
32,126,26,14,0.5384615384615384,3.215121243782364e-14,F
32,127,19,10,0.5263157894736842,1.5846175825499909e-13,F
32,134,14,8,0.5714285714285714,2.3894228541837363e-14,F
32,135,11,7,0.6363636363636364,2.64457746879717e-14,F
32,139,4,0,0.0,inf,none
32,142,13,7,0.5384615384615384,0.0,F
32,148,13,7,0.5384615384615384,1.0561896070736786e-14,F
32,149,3,0,0.0,inf,none
32,150,8,7,0.875,1.509168427705175e-14,F
32,156,10,7,0.7,1.9429077419727374e-14,F
33,34,39,28,0.717948717948718,0.24917392432689667,F
33,48,9,7,0.7777777777777778,2.7913040734589382e-14,F
33,50,14,8,0.5714285714285714,5.194523061474374e-14,F
33,51,9,7,0.7777777777777778,2.4163713768072213e-14,F
33,52,12,7,0.5833333333333334,1.3871739145538114e-14,F
33,53,10,7,0.7,2.1537161160392615e-14,F
33,60,15,9,0.6,2.139928452537035e-13,F
33,65,7,0,0.0,inf,none
33,68,8,7,0.875,0.0,F
33,69,13,7,0.5384615384615384,2.6924031512848105e-14,F
33,74,9,7,0.7777777777777778,0.0,F
33,75,7,0,0.0,inf,none
33,76,13,7,0.5384615384615384,1.7360878766482443e-14,F
33,77,12,7,0.5833333333333334,2.2153933283133517e-14,F
33,126,11,7,0.6363636363636364,3.402299600906156e-14,F
33,127,14,8,0.5714285714285714,1.794043564965278e-13,F
33,128,8,7,0.875,2.922308052553772e-14,F
33,134,17,9,0.5294117647058824,4.8351808532498194e-14,F
33,135,13,7,0.5384615384615384,5.5814189126599315e-14,F
33,139,8,8,1.0,8.192201969147318e-16,F
33,147,9,7,0.7777777777777778,1.4661432197428034e-14,F
33,150,4,0,0.0,inf,none
33,156,11,7,0.6363636363636364,9.575510957066102e-15,F
34,35,33,17,0.5151515151515151,0.04290216416120529,F
34,43,8,7,0.875,0.0,F
34,44,10,8,0.8,4.8404468570828994e-15,F
34,48,9,7,0.7777777777777778,7.043525766299184e-15,F
34,50,16,12,0.75,1.0168635952798738e-13,F
34,51,10,7,0.7,1.9509017001157446e-14,F
34,52,9,7,0.7777777777777778,8.687886496913481e-15,F
34,66,13,7,0.5384615384615384,2.2507037601921312e-14,F
34,68,5,0,0.0,inf,none
34,74,16,9,0.5625,7.00555268635071e-14,F
34,75,7,0,0.0,inf,none
34,76,10,7,0.7,2.1111596561099004e-14,F
34,126,7,0,0.0,inf,none
34,128,11,7,0.6363636363636364,1.2039678031394632e-14,F
34,133,8,7,0.875,1.4833010579355654e-14,F
34,134,13,7,0.5384615384615384,3.617052607408043e-14,F
34,139,11,7,0.6363636363636364,0.0,F
34,146,14,8,0.5714285714285714,3.966443533755075e-14,F
34,147,8,7,0.875,2.047457188058925e-14,F
34,149,8,7,0.875,1.4152135850199494e-14,F
34,150,10,7,0.7,2.315168049675867e-14,F
34,155,14,8,0.5714285714285714,2.1066980625261689e-13,F
35,38,5,0,0.0,inf,none
35,43,10,7,0.7,2.908574937973349e-14,F
35,44,4,0,0.0,inf,none
35,48,4,0,0.0,inf,none
35,58,13,7,0.5384615384615384,2.782099027607947e-14,F
35,65,7,0,0.0,inf,none
35,66,8,8,1.0,1.3639161685913975e-14,F
35,68,6,0,0.0,inf,none
35,69,12,7,0.5833333333333334,0.0,F
35,126,3,0,0.0,inf,none
35,133,5,0,0.0,inf,none
35,134,6,0,0.0,inf,none
35,139,9,7,0.7777777777777778,1.3782879460140507e-14,F
35,147,8,7,0.875,1.1379027060887115e-14,F
35,150,4,0,0.0,inf,none
36,37,70,67,0.9571428571428572,0.21970506012439728,F
36,46,8,7,0.875,3.351941798125993e-14,F
36,53,9,7,0.7777777777777778,2.1890384063793025e-14,F
36,57,7,0,0.0,inf,none
36,61,5,0,0.0,inf,none
36,62,5,0,0.0,inf,none
36,64,9,7,0.7777777777777778,2.5605643365171626e-14,F
36,65,5,0,0.0,inf,none
36,73,9,7,0.7777777777777778,2.464962099452822e-14,F
36,136,7,0,0.0,inf,none
36,137,4,0,0.0,inf,none
36,138,9,7,0.7777777777777778,2.6636163977591942e-14,F
37,49,7,0,0.0,inf,none
37,57,8,8,1.0,0.0,F
37,62,9,9,1.0,5.5372563935592815e-15,F
37,70,8,7,0.875,9.594718276178041e-15,F
37,71,8,5,0.625,0.0,H
37,73,14,8,0.5714285714285714,2.0485251271988233e-14,F
37,137,3,0,0.0,inf,none
37,143,9,8,0.8888888888888888,1.2786590837250526e-14,F
37,154,8,6,0.75,0.0,H
38,40,3,0,0.0,inf,none
38,41,10,7,0.7,4.276984446943341e-14,F
38,51,6,0,0.0,inf,none
38,135,4,0,0.0,inf,none
38,140,7,0,0.0,inf,none
38,155,6,0,0.0,inf,none
38,156,7,0,0.0,inf,none
38,159,5,0,0.0,inf,none
38,162,4,0,0.0,inf,none
39,40,70,54,0.7714285714285715,0.32325494289398193,F
39,141,1,0,0.0,inf,none
39,157,7,0,0.0,inf,none
39,158,11,4,0.36363636363636365,0.0,H
39,159,8,7,0.875,0.0,F
40,41,87,71,0.8160919540229885,0.20918485522270203,F
40,159,6,0,0.0,inf,none
40,161,10,7,0.7,2.8221938403859975e-14,F
41,48,7,0,0.0,inf,none
41,51,10,7,0.7,4.70556685522143e-14,F
41,54,4,0,0.0,inf,none
41,59,13,8,0.6153846153846154,1.6367156653422643e-14,F
41,68,16,9,0.5625,4.666650434679599e-14,F
41,69,10,7,0.7,3.186731409895831e-14,F
41,74,16,10,0.625,1.8205884933300553e-13,F
41,126,14,8,0.5714285714285714,4.99602665010937e-14,F
42,49,8,7,0.875,2.594494612911686e-14,F
42,55,6,0,0.0,inf,none
42,56,7,0,0.0,inf,none
42,57,9,7,0.7777777777777778,0.0,F
42,61,11,8,0.7272727272727273,1.9628967030884022e-14,F
42,62,11,7,0.6363636363636364,1.5195034155078037e-14,F
42,63,4,0,0.0,inf,none
42,64,10,7,0.7,1.995007891525402e-14,F
42,70,8,8,1.0,8.187543287937419e-15,F
42,71,4,0,0.0,inf,none
42,72,11,7,0.6363636363636364,1.9807840060553396e-14,F
42,73,5,0,0.0,inf,none
42,145,10,7,0.7,3.011321389728011e-14,F
43,44,33,16,0.48484848484848486,0.029038403183221817,F
43,47,6,0,0.0,inf,none
43,66,11,7,0.6363636363636364,2.2345215345480167e-14,F
43,76,2,0,0.0,inf,none
43,128,10,7,0.7,0.0,F
43,129,12,7,0.5833333333333334,4.498502875001538e-14,F
43,133,10,7,0.7,1.1312367262004096e-14,F
43,146,8,7,0.875,1.1524331327823854e-14,F
43,147,11,7,0.6363636363636364,3.062715960835613e-14,F
43,149,10,7,0.7,1.8165577007032974e-14,F
43,155,10,7,0.7,1.9183835970508836e-14,F
43,160,6,0,0.0,inf,none
43,161,6,0,0.0,inf,none
43,162,12,7,0.5833333333333334,1.857002338088564e-14,F
44,50,15,9,0.6,3.6798255415027015e-14,F
44,54,8,7,0.875,2.602769616586592e-14,F
44,60,9,8,0.8888888888888888,2.058276170487615e-14,F
44,66,7,0,0.0,inf,none
44,68,11,7,0.6363636363636364,2.759591837540095e-14,F
44,75,4,0,0.0,inf,none
44,76,10,7,0.7,2.153767785049044e-14,F
44,133,7,0,0.0,inf,none
44,134,12,7,0.5833333333333334,2.0551822979444738e-14,F
44,146,11,7,0.6363636363636364,2.2540732572563088e-14,F
44,147,14,8,0.5714285714285714,2.848951272376582e-14,F
44,149,6,0,0.0,inf,none
44,150,3,0,0.0,inf,none
44,155,10,7,0.7,1.2228858604999143e-14,F
44,162,4,0,0.0,inf,none
45,46,33,26,0.7878787878787878,0.18987861275672913,F
45,48,5,0,0.0,inf,none
45,52,7,0,0.0,inf,none
45,53,5,0,0.0,inf,none
45,54,4,0,0.0,inf,none
45,56,6,0,0.0,inf,none
45,57,8,7,0.875,1.6033669617693258e-14,F
45,58,9,7,0.7777777777777778,2.4217246250338685e-14,F
45,59,6,0,0.0,inf,none
45,60,9,7,0.7777777777777778,4.542636425575392e-15,F
45,63,7,0,0.0,inf,none
45,64,9,7,0.7777777777777778,1.762682678312956e-14,F
45,65,6,0,0.0,inf,none
45,68,9,7,0.7777777777777778,0.0,F
45,69,6,0,0.0,inf,none
45,72,9,7,0.7777777777777778,3.9935760319347036e-14,F
45,126,6,0,0.0,inf,none
45,142,4,0,0.0,inf,none
46,47,53,38,0.7169811320754716,0.2415086030960083,F
46,48,16,9,0.5625,2.7641539569940067e-14,F
46,52,8,8,1.0,1.3324219589531776e-14,F
46,53,4,0,0.0,inf,none
46,54,3,0,0.0,inf,none
46,56,8,7,0.875,1.825132384634942e-14,F
46,57,16,14,0.875,0.05740715563297272,F
46,58,5,0,0.0,inf,none
46,59,5,0,0.0,inf,none
46,60,5,0,0.0,inf,none
46,63,10,7,0.7,1.5045686999884053e-14,F
46,64,6,0,0.0,inf,none
46,65,8,7,0.875,2.2908683684850356e-14,F
46,71,7,0,0.0,inf,none
46,72,7,0,0.0,inf,none
46,73,3,0,0.0,inf,none
46,142,10,7,0.7,1.9412140148914077e-14,F
47,48,56,41,0.7321428571428571,0.1449817419052124,F
47,54,5,0,0.0,inf,none
47,66,4,0,0.0,inf,none
47,67,5,0,0.0,inf,none
47,160,4,0,0.0,inf,none
48,50,6,0,0.0,inf,none
48,51,6,0,0.0,inf,none
48,52,12,7,0.5833333333333334,2.6418618811682726e-14,F
48,53,9,7,0.7777777777777778,2.2334178506177443e-14,F
48,58,4,0,0.0,inf,none
48,59,7,0,0.0,inf,none
48,60,10,8,0.8,2.5600288422879085e-14,F
48,65,2,0,0.0,inf,none
48,66,7,0,0.0,inf,none
48,67,8,7,0.875,1.345183018523332e-14,F
48,68,10,7,0.7,3.262052628884293e-14,F
48,69,7,0,0.0,inf,none
48,72,11,7,0.6363636363636364,2.2591959431147134e-14,F
48,74,8,7,0.875,2.5756374572201424e-14,F
48,75,8,7,0.875,1.7411119678715885e-14,F
48,76,7,0,0.0,inf,none
48,126,8,7,0.875,0.0,F
48,134,8,7,0.875,0.0,F
48,139,8,7,0.875,6.743198799905384e-15,F
48,156,12,7,0.5833333333333334,2.6723948778179483e-14,F
49,62,8,7,0.875,1.8862530962626863e-14,F
49,70,6,0,0.0,inf,none
49,71,14,8,0.5714285714285714,2.8016776859639617e-14,F
49,73,13,7,0.5384615384615384,1.9682995874457584e-14,F
49,143,4,0,0.0,inf,none
49,144,6,0,0.0,inf,none
49,154,7,0,0.0,inf,none
50,51,69,60,0.8695652173913043,0.28281843662261963,F
50,52,14,8,0.5714285714285714,2.0419085801533232e-13,F
50,53,15,8,0.5333333333333333,6.786270764086444e-14,F
50,54,9,7,0.7777777777777778,3.155931936680949e-14,F
50,60,7,0,0.0,inf,none
50,65,6,0,0.0,inf,none
50,66,6,0,0.0,inf,none
50,68,7,0,0.0,inf,none
50,69,8,7,0.875,3.0421848986337055e-14,F
50,72,11,7,0.6363636363636364,1.2737676378612485e-14,F
50,74,13,7,0.5384615384615384,2.2415990030420947e-14,F
50,75,7,0,0.0,inf,none
50,76,4,0,0.0,inf,none
50,77,9,7,0.7777777777777778,2.502388927853611e-14,F
50,126,4,0,0.0,inf,none
50,127,10,7,0.7,1.2752907725070012e-14,F
50,128,7,0,0.0,inf,none
50,139,8,7,0.875,2.2222786897349925e-14,F
50,142,10,7,0.7,1.1051747929628156e-14,F
50,146,3,0,0.0,inf,none
50,147,12,8,0.6666666666666666,2.8231383668254808e-15,F
50,150,10,7,0.7,8.923371820645544e-15,F
51,52,48,32,0.6666666666666666,0.20021170377731323,F
51,53,9,7,0.7777777777777778,1.7254664223028543e-14,F
51,59,10,7,0.7,1.9945684508323666e-14,F
51,67,8,7,0.875,1.880835981751816e-14,F
51,68,8,7,0.875,1.4736464069961715e-14,F
51,74,11,7,0.6363636363636364,2.4121931326850053e-14,F
51,75,2,0,0.0,inf,none
51,126,10,7,0.7,1.887249037602068e-14,F
51,134,8,7,0.875,2.5483951835705496e-14,F
51,135,4,0,0.0,inf,none
51,139,10,7,0.7,2.6487284384584843e-14,F
51,140,4,0,0.0,inf,none
51,148,5,0,0.0,inf,none
51,149,6,0,0.0,inf,none
51,150,11,7,0.6363636363636364,1.2509508572511752e-14,F
51,155,9,7,0.7777777777777778,2.570195101127444e-14,F
51,156,2,0,0.0,inf,none
52,53,26,16,0.6153846153846154,0.010037773288786411,F
52,58,7,0,0.0,inf,none
52,59,6,0,0.0,inf,none
52,60,10,8,0.8,6.097965099587316e-15,F
52,64,8,8,1.0,3.188568793765015e-14,F
52,65,8,7,0.875,2.0155951967150074e-14,F
52,68,10,7,0.7,7.105870355832416e-15,F
52,69,8,7,0.875,1.1320888413453474e-14,F
52,72,8,7,0.875,0.0,F
52,74,10,7,0.7,2.662484931148252e-14,F
52,75,6,0,0.0,inf,none
52,76,7,0,0.0,inf,none
52,77,6,0,0.0,inf,none
52,126,10,8,0.8,1.2014669383626948e-14,F
52,127,13,7,0.5384615384615384,1.6037860736716272e-14,F
52,134,11,8,0.7272727272727273,0.0,F
52,139,6,0,0.0,inf,none
52,142,14,8,0.5714285714285714,1.547886032673626e-13,F
52,150,5,0,0.0,inf,none
52,156,6,0,0.0,inf,none
53,58,14,8,0.5714285714285714,7.370803457602132e-14,F
53,59,14,8,0.5714285714285714,2.2631773028986696e-13,F
53,60,11,7,0.6363636363636364,1.4547623156569052e-14,F
53,65,8,7,0.875,1.61823510049907e-14,F
53,68,7,0,0.0,inf,none
53,69,10,7,0.7,1.0430097744144017e-14,F
53,72,10,7,0.7,2.1738336567563195e-14,F
53,74,15,9,0.6,6.616336981329213e-14,F
53,75,11,7,0.6363636363636364,3.704773033491593e-14,F
53,77,6,0,0.0,inf,none
53,126,12,8,0.6666666666666666,1.5262393603175488e-14,F
53,127,14,8,0.5714285714285714,1.1564406658844117e-13,F
53,138,7,0,0.0,inf,none
53,139,8,7,0.875,0.0,F
53,142,9,7,0.7777777777777778,1.2718466518401705e-14,F
53,150,5,0,0.0,inf,none
53,156,10,4,0.4,0.0,H
54,55,73,54,0.7397260273972602,0.2895781397819519,F
54,56,20,12,0.6,1.7167585170292654e-13,F
54,58,8,7,0.875,4.205063726424926e-15,F
54,59,6,0,0.0,inf,none
54,60,10,7,0.7,7.412667383393818e-15,F
54,63,5,0,0.0,inf,none
54,66,7,0,0.0,inf,none
54,68,8,7,0.875,0.0,F
54,72,4,0,0.0,inf,none
54,74,10,7,0.7,2.1339924456426768e-14,F
54,142,5,0,0.0,inf,none
54,150,9,7,0.7777777777777778,1.611916234712553e-14,F
55,56,41,33,0.8048780487804879,0.2646975517272949,F
55,57,6,0,0.0,inf,none
55,63,14,8,0.5714285714285714,4.986500578771369e-14,F
56,57,24,15,0.625,6.365731780675482e-14,F
56,58,16,8,0.5,3.8928489067262956e-14,F
56,61,10,7,0.7,1.7273746181264288e-14,F
56,62,8,7,0.875,0.0,F
56,63,4,0,0.0,inf,none
56,64,8,7,0.875,2.5362775302271295e-14,F
56,71,10,7,0.7,1.5065195862725214e-14,F
56,73,8,7,0.875,1.6082575606001827e-14,F
57,58,122,111,0.9098360655737705,0.19873231649398804,F
57,61,7,0,0.0,inf,none
57,62,7,0,0.0,inf,none
57,63,4,0,0.0,inf,none
57,64,3,0,0.0,inf,none
57,70,23,20,0.8695652173913043,0.044529758393764496,F
57,71,8,7,0.875,1.0009592472644355e-14,F
57,73,2,0,0.0,inf,none
58,59,24,17,0.7083333333333334,0.021483678370714188,F
58,60,5,0,0.0,inf,none
58,64,7,0,0.0,inf,none
58,65,11,8,0.7272727272727273,5.481020182125174e-15,F
58,67,5,0,0.0,inf,none
58,68,6,0,0.0,inf,none
58,69,4,0,0.0,inf,none
58,126,4,0,0.0,inf,none
58,139,1,0,0.0,inf,none
59,60,38,21,0.5526315789473685,0.512119710445404,F
59,64,6,0,0.0,inf,none
59,65,6,0,0.0,inf,none
59,67,7,0,0.0,inf,none
59,68,14,8,0.5714285714285714,7.733298322456367e-14,F
59,69,12,7,0.5833333333333334,1.8861360363093757e-14,F
59,72,16,9,0.5625,5.0424775981236167e-14,F
59,74,10,7,0.7,1.569930076599121,H
59,126,13,7,0.5384615384615384,2.829128668531758e-14,F
59,139,11,7,0.6363636363636364,1.7397675571777065e-14,F
59,142,13,7,0.5384615384615384,4.429650616037846e-14,F
60,61,41,32,0.7804878048780488,0.2885494828224182,F
60,63,10,8,0.8,3.52948125912321e-14,F
60,64,8,7,0.875,2.7794491697357565e-14,F
60,65,6,0,0.0,inf,none
60,66,10,7,0.7,2.05015193867732e-14,F
60,68,13,7,0.5384615384615384,3.931202897391149e-14,F
60,69,6,0,0.0,inf,none
60,72,14,8,0.5714285714285714,8.014704351577695e-14,F
60,74,6,0,0.0,inf,none
60,75,7,0,0.0,inf,none
60,126,10,8,0.8,2.3017944158782583e-14,F
60,139,4,0,0.0,inf,none
60,142,7,0,0.0,inf,none
60,150,3,0,0.0,inf,none
61,62,24,16,0.6666666666666666,0.00030563949258066714,F
61,63,8,8,1.0,3.4955599612779276e-14,F
61,64,8,7,0.875,1.295816498401341e-14,F
61,65,7,0,0.0,inf,none
61,70,10,7,0.7,2.43380483952102e-14,F
61,71,7,0,0.0,inf,none
61,72,9,7,0.7777777777777778,2.5935974356139542e-14,F
61,73,2,0,0.0,inf,none
61,137,8,8,1.0,2.5607127366895216e-14,F
61,138,6,0,0.0,inf,none
61,142,5,0,0.0,inf,none
62,63,23,16,0.6956521739130435,0.14662446081638336,F
62,64,8,7,0.875,1.0322469502701149e-14,F
62,70,11,7,0.6363636363636364,2.0212624400552017e-15,F
62,71,6,0,0.0,inf,none
62,73,9,7,0.7777777777777778,0.0,F
62,137,8,4,0.5,0.0,H
62,138,6,0,0.0,inf,none
62,154,6,0,0.0,inf,none
63,64,23,16,0.6956521739130435,0.0065113864839077,F
63,65,14,8,0.5714285714285714,7.831160443423982e-14,F
63,71,12,8,0.6666666666666666,2.943417130038886e-14,F
63,72,12,7,0.5833333333333334,0.0,F
63,73,10,7,0.7,1.4336322317546994e-14,F
64,65,46,35,0.7608695652173914,0.17888103425502777,F
64,69,6,0,0.0,inf,none
64,71,8,5,0.625,0.0,H
64,72,13,7,0.5384615384615384,2.3068103755853088e-14,F
64,73,5,0,0.0,inf,none
64,127,8,7,0.875,1.64031098139018e-14,F
64,137,6,0,0.0,inf,none
64,138,8,7,0.875,2.4881277729338694e-14,F
64,139,8,7,0.875,6.206345929803819e-14,F
64,142,10,7,0.7,2.8031350908530074e-14,F
65,68,6,0,0.0,inf,none
65,69,5,0,0.0,inf,none
65,72,7,0,0.0,inf,none
65,74,6,0,0.0,inf,none
65,77,7,0,0.0,inf,none
65,126,7,0,0.0,inf,none
65,127,6,0,0.0,inf,none
65,138,10,7,0.7,2.9171987498159344e-14,F
65,139,6,0,0.0,inf,none
65,142,8,7,0.875,2.2754938734594228e-14,F
65,150,5,0,0.0,inf,none
66,67,16,11,0.6875,3.5975071527435606e-14,F
66,68,9,7,0.7777777777777778,1.3125009298798826e-14,F
66,75,9,8,0.8888888888888888,1.6359120004819094e-14,F
66,76,9,7,0.7777777777777778,1.7223032624646278e-14,F
66,128,7,0,0.0,inf,none
66,131,8,7,0.875,0.0,F
66,133,12,7,0.5833333333333334,1.1199594142439605e-14,F
66,139,8,7,0.875,1.858450764428369e-14,F
66,146,6,0,0.0,inf,none
66,147,7,0,0.0,inf,none
66,155,10,8,0.8,2.753105428636611e-14,F
67,68,17,10,0.5882352941176471,3.127327634052171e-14,F
68,69,49,36,0.7346938775510204,0.22180914878845215,F
68,74,12,7,0.5833333333333334,2.5173582023172575e-14,F
68,75,4,0,0.0,inf,none
68,76,7,0,0.0,inf,none
68,126,8,7,0.875,1.1772066442039108e-14,F
68,134,9,7,0.7777777777777778,1.1398700248120043e-14,F
68,139,8,7,0.875,1.73663522933876e-14,F
68,147,6,0,0.0,inf,none
68,150,6,0,0.0,inf,none
69,72,7,0,0.0,inf,none
69,74,24,12,0.5,7.936816622759052e-14,F
69,75,8,7,0.875,3.447001256477733e-14,F
69,77,15,9,0.6,6.330566360837273e-14,F
69,126,14,8,0.5714285714285714,7.903406932813911e-14,F
69,127,9,7,0.7777777777777778,2.5210426262312242e-14,F
69,134,20,10,0.5,5.6279833630891105e-14,F
69,139,7,0,0.0,inf,none
69,142,12,7,0.5833333333333334,3.9393808310903e-14,F
69,150,6,0,0.0,inf,none
70,71,10,7,0.7,1.0874904390900404e-14,F
70,73,8,7,0.875,3.0202758832332047e-14,F
70,143,7,0,0.0,inf,none
70,154,10,8,0.8,1.0028768451537245e-14,F
71,72,48,36,0.75,0.25363218784332275,F
71,73,7,0,0.0,inf,none
71,138,5,0,0.0,inf,none
71,142,2,0,0.0,inf,none
72,73,42,28,0.6666666666666666,0.4374600052833557,F
72,74,10,7,0.7,1.8858202624266393e-14,F
72,127,3,0,0.0,inf,none
72,142,12,9,0.75,2.4572236064467068e-14,F
73,137,6,0,0.0,inf,none
73,142,11,7,0.6363636363636364,0.0,F
74,75,26,20,0.7692307692307693,0.021674104034900665,F
74,76,8,7,0.875,2.5879716121848806e-14,F
74,77,5,0,0.0,inf,none
74,126,4,0,0.0,inf,none
74,127,4,0,0.0,inf,none
74,128,5,0,0.0,inf,none
74,134,7,0,0.0,inf,none
74,139,8,7,0.875,0.0,F
74,142,8,7,0.875,5.888333338987823e-15,F
74,147,6,0,0.0,inf,none
74,149,2,0,0.0,inf,none
74,150,8,7,0.875,1.3880395822259053e-14,F
75,76,65,52,0.8,0.27268415689468384,F
75,77,6,0,0.0,inf,none
75,126,4,0,0.0,inf,none
75,127,6,0,0.0,inf,none
75,128,9,7,0.7777777777777778,0.0,F
75,133,9,7,0.7777777777777778,1.885809250998325e-14,F
75,134,8,7,0.875,2.2681323101148357e-14,F
75,139,7,0,0.0,inf,none
75,147,5,0,0.0,inf,none
75,149,6,0,0.0,inf,none
75,150,4,0,0.0,inf,none
75,155,3,0,0.0,inf,none
75,162,7,0,0.0,inf,none
76,77,34,22,0.6470588235294118,0.27183154225349426,F
76,127,7,0,0.0,inf,none
76,128,13,7,0.5384615384615384,2.966415768622735e-14,F
76,132,7,0,0.0,inf,none
76,133,4,0,0.0,inf,none
76,134,19,12,0.631578947368421,6.610967470069978e-14,F
76,139,5,0,0.0,inf,none
76,146,2,0,0.0,inf,none
76,147,15,10,0.6666666666666666,1.0570604585874097e-13,F
76,149,6,0,0.0,inf,none
76,150,6,0,0.0,inf,none
76,155,6,0,0.0,inf,none
76,162,7,0,0.0,inf,none
77,126,11,7,0.6363636363636364,2.656542656210084e-14,F
77,127,14,8,0.5714285714285714,3.083766084827598e-14,F
77,128,5,0,0.0,inf,none
77,132,5,0,0.0,inf,none
77,139,3,0,0.0,inf,none
77,149,6,0,0.0,inf,none
77,150,5,0,0.0,inf,none
77,156,9,7,0.7777777777777778,2.8971650653606545e-14,F
78,79,40,24,0.6,0.12878885865211487,F
78,85,9,7,0.7777777777777778,6.9320761357147785e-15,F
78,86,5,0,0.0,inf,none
78,87,6,0,0.0,inf,none
78,124,8,7,0.875,2.9023360320970526e-14,F
78,125,3,0,0.0,inf,none
79,80,96,82,0.8541666666666666,0.3053150773048401,F
79,85,11,7,0.6363636363636364,1.8531793395844265e-15,F
79,86,8,5,0.625,0.0,H
79,87,7,0,0.0,inf,none
79,94,9,7,0.7777777777777778,0.0,F
79,109,7,0,0.0,inf,none
79,110,11,7,0.6363636363636364,1.5080811762140794e-14,F
79,111,4,0,0.0,inf,none
79,112,9,7,0.7777777777777778,0.0,F
79,113,8,8,1.0,1.3735689560583075e-14,F
79,124,9,7,0.7777777777777778,1.7083797348776616e-14,F
79,125,6,0,0.0,inf,none
80,81,78,61,0.782051282051282,0.23792020976543427,F
80,85,4,0,0.0,inf,none
80,86,17,9,0.5294117647058824,1.1250261789871874e-13,F
80,87,8,7,0.875,4.03816689559678e-14,F
80,88,12,7,0.5833333333333334,1.3748347620946844e-14,F
80,94,11,7,0.6363636363636364,1.1746255654070375e-14,F
80,95,8,7,0.875,1.844910942766509e-14,F
80,96,5,0,0.0,inf,none
80,109,8,7,0.875,2.598185474276052e-14,F
80,110,10,7,0.7,4.0361042009636264e-14,F
80,112,5,0,0.0,inf,none
80,113,5,0,0.0,inf,none
80,114,6,0,0.0,inf,none
80,115,10,7,0.7,3.417794205203689e-14,F
80,117,7,0,0.0,inf,none
80,123,9,8,0.8888888888888888,2.148145519158349e-14,F
81,82,141,107,0.7588652482269503,0.23308216035366058,F
81,83,16,9,0.5625,4.5565178556248795e-14,F
81,84,6,0,0.0,inf,none
81,89,15,8,0.5333333333333333,7.306408624820071e-14,F
81,90,14,8,0.5714285714285714,5.014420817591944e-14,F
81,91,13,7,0.5384615384615384,1.8365422572476364e-14,F
81,92,17,8,0.47058823529411764,2.884966774480656e-14,F
81,100,5,0,0.0,inf,none
81,101,11,7,0.6363636363636364,1.522555275216761e-14,F
81,102,14,8,0.5714285714285714,3.1564919948656733e-14,F
81,103,7,0,0.0,inf,none
81,104,14,8,0.5714285714285714,5.80153329890476e-14,F
81,105,13,7,0.5384615384615384,1.2944047485881523e-14,F
81,106,11,8,0.7272727272727273,3.0855841563455846e-14,F
81,107,10,7,0.7,1.3894312573582441e-14,F
81,118,5,0,0.0,inf,none
81,119,5,0,0.0,inf,none
81,120,7,0,0.0,inf,none
81,121,6,0,0.0,inf,none
81,122,9,7,0.7777777777777778,1.1451688935234378e-14,F
82,83,118,87,0.7372881355932204,0.2474912703037262,F
82,84,19,9,0.47368421052631576,1.494171268916905e-13,F
82,89,15,9,0.6,2.5209660544527925e-14,F
82,90,11,7,0.6363636363636364,2.7098552487234487e-14,F
82,91,13,7,0.5384615384615384,3.000144281769222e-14,F
82,92,12,7,0.5833333333333334,1.8692948190322974e-14,F
82,100,10,7,0.7,2.5791595896214152e-14,F
82,101,13,7,0.5384615384615384,1.960621911405256e-14,F
82,102,11,7,0.6363636363636364,0.0,F
82,103,7,0,0.0,inf,none
82,104,10,7,0.7,4.278242460276603e-14,F
82,105,12,7,0.5833333333333334,1.2516372927516301e-14,F
82,106,8,7,0.875,1.8766775582005658e-14,F
82,107,6,0,0.0,inf,none
82,118,6,0,0.0,inf,none
82,119,12,7,0.5833333333333334,3.990650380134887e-14,F
82,120,16,9,0.5625,3.378015166308375e-14,F
82,121,9,7,0.7777777777777778,0.0,F
82,122,11,7,0.6363636363636364,4.301258717145755e-14,F
83,84,58,49,0.8448275862068966,0.17810757458209991,F
83,89,14,8,0.5714285714285714,9.99594626364432e-14,F
83,90,7,0,0.0,inf,none
83,91,8,7,0.875,1.2606919055511891e-14,F
83,92,7,0,0.0,inf,none
83,99,6,0,0.0,inf,none
83,100,11,7,0.6363636363636364,1.6661110967437776e-14,F
83,101,10,7,0.7,1.561473051011307e-14,F
83,102,13,7,0.5384615384615384,6.0919160137944996e-15,F
83,103,4,0,0.0,inf,none
83,104,6,0,0.0,inf,none
83,105,10,7,0.7,1.1488425601189744e-14,F
83,106,9,7,0.7777777777777778,3.575874270083865e-14,F
83,107,8,7,0.875,0.0,F
83,118,8,7,0.875,1.9319357853937735e-14,F
83,119,6,0,0.0,inf,none
83,120,10,8,0.8,1.0550729635393132e-14,F
83,121,12,7,0.5833333333333334,3.504766531788224e-14,F
83,122,7,0,0.0,inf,none
84,88,7,0,0.0,inf,none
84,89,8,7,0.875,1.0038258608678283e-14,F
84,90,9,7,0.7777777777777778,1.6046083732568217e-14,F
84,91,7,0,0.0,inf,none
84,92,7,0,0.0,inf,none
84,93,9,7,0.7777777777777778,3.519163042572937e-14,F
84,97,8,8,1.0,1.835847351417709e-14,F
84,98,14,8,0.5714285714285714,3.652869226176102e-14,F
84,99,10,7,0.7,4.232128970188542e-14,F
84,100,7,0,0.0,inf,none
84,101,10,7,0.7,3.89064797631615e-14,F
84,102,8,7,0.875,3.984035730443189e-14,F
84,103,11,7,0.6363636363636364,0.0,F
84,104,10,8,0.8,7.304929874700754e-15,F
84,105,10,7,0.7,8.376429094076286e-15,F
84,106,11,7,0.6363636363636364,9.906907515481664e-15,F
84,107,5,0,0.0,inf,none
84,108,8,7,0.875,1.2315055218810583e-14,F
84,116,10,7,0.7,2.0123507217138445e-14,F
84,117,9,7,0.7777777777777778,0.0,F
84,118,8,7,0.875,0.0,F
84,119,5,0,0.0,inf,none
84,120,12,7,0.5833333333333334,0.0,F
84,121,13,7,0.5384615384615384,3.193880367970657e-14,F
84,122,5,0,0.0,inf,none
84,123,8,7,0.875,8.336522830832294e-15,F
85,86,171,148,0.8654970760233918,0.28123223781585693,F
85,87,13,7,0.5384615384615384,2.3630816541834326e-14,F
85,88,19,11,0.5789473684210527,3.48511367334603e-14,F
85,94,12,8,0.6666666666666666,1.284153871157186e-14,F
85,95,12,7,0.5833333333333334,2.91461191119502e-14,F
85,96,3,0,0.0,inf,none
85,109,3,0,0.0,inf,none
85,110,7,0,0.0,inf,none
85,111,8,7,0.875,1.5538345078929677e-14,F
85,112,3,0,0.0,inf,none
85,113,12,7,0.5833333333333334,1.797503694554812e-14,F
85,114,11,8,0.7272727272727273,2.3334871700393146e-14,F
85,115,11,7,0.6363636363636364,3.137202005338083e-14,F
85,123,10,7,0.7,1.749233827989631e-14,F
85,124,3,0,0.0,inf,none
85,125,9,7,0.7777777777777778,0.0,F
86,87,83,62,0.7469879518072289,0.4123075008392334,F
86,94,12,7,0.5833333333333334,1.0219371193460197e-14,F
86,95,23,13,0.5652173913043478,2.458412434128837e-13,F
86,96,10,7,0.7,3.3904136957771044e-14,F
86,109,7,0,0.0,inf,none
86,110,9,7,0.7777777777777778,8.80548177504669e-15,F
86,111,16,9,0.5625,4.3190623332575034e-14,F
86,112,14,5,0.35714285714285715,0.2527008056640625,H
86,113,9,7,0.7777777777777778,4.915458570232435e-14,F
86,114,7,0,0.0,inf,none
86,115,7,0,0.0,inf,none
86,124,21,12,0.5714285714285714,1.0444271315857012e-13,F
86,125,9,7,0.7777777777777778,1.420132644157834e-14,F
87,94,6,0,0.0,inf,none
87,95,12,7,0.5833333333333334,2.4424754075822938e-14,F
87,96,5,0,0.0,inf,none
87,109,6,0,0.0,inf,none
87,110,6,0,0.0,inf,none
87,111,6,0,0.0,inf,none
87,112,4,0,0.0,inf,none
87,113,8,7,0.875,0.0,F
87,114,12,7,0.5833333333333334,1.5656131786508966e-14,F
87,115,11,7,0.6363636363636364,4.7132030266475167e-14,F
87,123,7,0,0.0,inf,none
87,124,14,8,0.5714285714285714,4.9141097549672275e-14,F
87,125,6,0,0.0,inf,none
88,89,87,69,0.7931034482758621,0.24350689351558685,F
88,91,12,7,0.5833333333333334,0.0,F
88,92,4,0,0.0,inf,none
88,93,12,8,0.6666666666666666,9.796154569496375e-15,F
88,94,5,0,0.0,inf,none
88,95,11,7,0.6363636363636364,1.6342023491811714e-14,F
88,96,9,7,0.7777777777777778,4.914699967524874e-14,F
88,97,3,0,0.0,inf,none
88,98,6,0,0.0,inf,none
88,99,8,7,0.875,1.7297705355210323e-14,F
88,101,6,0,0.0,inf,none
88,103,7,0,0.0,inf,none
88,104,8,7,0.875,7.212005108782685e-14,F
88,105,9,7,0.7777777777777778,2.8461059193001653e-14,F
88,106,8,7,0.875,1.384784434609607e-14,F
88,107,11,7,0.6363636363636364,1.6185825534140337e-14,F
88,108,17,9,0.5294117647058824,4.197604246071636e-14,F
88,109,6,0,0.0,inf,none
88,113,9,7,0.7777777777777778,1.5131571058537956e-14,F
88,114,10,7,0.7,1.8255409933286976e-14,F
88,115,9,7,0.7777777777777778,3.453967594249131e-14,F
88,116,5,0,0.0,inf,none
88,117,6,0,0.0,inf,none
88,118,8,7,0.875,3.1946816611387596e-14,F
88,119,4,0,0.0,inf,none
88,121,7,0,0.0,inf,none
88,123,7,0,0.0,inf,none
89,90,94,70,0.7446808510638298,0.3042314350605011,F
89,91,20,9,0.45,4.218285402511797e-14,F
89,92,10,7,0.7,3.688927418740717e-14,F
89,93,7,0,0.0,inf,none
89,97,16,9,0.5625,6.050769694315727e-14,F
89,98,6,0,0.0,inf,none
89,99,10,8,0.8,4.836164258501582e-15,F
89,100,17,9,0.5294117647058824,1.0193995441613174e-13,F
89,101,5,0,0.0,inf,none
89,102,14,8,0.5714285714285714,4.8604397145501216e-14,F
89,103,10,7,0.7,3.14023235041018e-14,F
89,104,12,7,0.5833333333333334,3.8694450475804804e-14,F
89,105,11,7,0.6363636363636364,0.0,F
89,106,15,8,0.5333333333333333,4.5891784296314686e-14,F
89,107,8,8,1.0,1.0569081451228344e-14,F
89,108,11,7,0.6363636363636364,8.60353217976232e-15,F
89,116,15,8,0.5333333333333333,2.674882952397213e-14,F
89,117,7,0,0.0,inf,none
89,118,10,7,0.7,1.7990737548258424e-14,F
89,119,13,8,0.6153846153846154,2.904026371046593e-14,F
89,120,11,7,0.6363636363636364,1.559411034004511e-14,F
89,121,11,8,0.7272727272727273,1.7699060482321985e-15,F
89,122,10,7,0.7,0.0,F
90,91,93,74,0.7956989247311828,0.22934705018997192,F
90,92,13,7,0.5384615384615384,3.0605600925782614e-14,F
90,93,13,7,0.5384615384615384,0.0,F
90,98,8,7,0.875,0.0,F
90,99,4,0,0.0,inf,none
90,100,7,0,0.0,inf,none
90,101,4,0,0.0,inf,none
90,102,8,7,0.875,0.0,F
90,103,10,7,0.7,2.7154883566358687e-14,F
90,104,9,7,0.7777777777777778,0.0,F
90,105,14,8,0.5714285714285714,4.388525133569576e-14,F
90,106,6,0,0.0,inf,none
90,107,14,8,0.5714285714285714,8.835837064184032e-14,F
90,108,5,0,0.0,inf,none
90,118,7,0,0.0,inf,none
90,119,12,7,0.5833333333333334,2.119636592439432e-14,F
90,120,5,0,0.0,inf,none
90,121,10,7,0.7,8.835541280278851e-15,F
90,122,12,7,0.5833333333333334,5.017048313794327e-14,F
91,92,41,26,0.6341463414634146,0.2621382474899292,F
91,93,14,8,0.5714285714285714,1.3086579413981898e-14,F
91,97,10,7,0.7,1.4227248190863163e-14,F
91,98,9,7,0.7777777777777778,1.826189651159705e-14,F
91,99,8,7,0.875,8.575098977788888e-15,F
91,100,8,8,1.0,1.50554211025139e-14,F
91,101,10,7,0.7,9.109938450574829e-15,F
91,102,13,7,0.5384615384615384,3.9589642328308194e-14,F
91,103,10,7,0.7,1.3181838433296011e-14,F
91,104,12,7,0.5833333333333334,1.888948524507439e-14,F
91,105,16,10,0.625,1.5039933274479944e-13,F
91,106,7,0,0.0,inf,none
91,107,9,7,0.7777777777777778,1.3710398850843956e-14,F
91,108,9,7,0.7777777777777778,0.0,F
91,116,10,7,0.7,1.5962877992093533e-14,F
91,117,7,0,0.0,inf,none
91,118,15,8,0.5333333333333333,2.885449583260591e-14,F
91,119,13,7,0.5384615384615384,4.3232646331154215e-14,F
91,120,8,7,0.875,6.096144910486961e-14,F
91,121,8,7,0.875,2.6104513583852414e-14,F
91,122,8,7,0.875,1.1740413667833162e-14,F
91,123,7,0,0.0,inf,none
92,93,75,60,0.8,0.410319983959198,F
92,97,14,8,0.5714285714285714,8.397404679168913e-14,F
92,98,7,0,0.0,inf,none
92,99,14,8,0.5714285714285714,2.9958860777367854e-14,F
92,100,10,7,0.7,1.0886089460968897e-14,F
92,101,15,8,0.5333333333333333,4.21208376608518e-14,F
92,102,12,8,0.6666666666666666,2.4745093466145042e-14,F
92,103,6,0,0.0,inf,none
92,104,7,0,0.0,inf,none
92,105,15,9,0.6,1.605931438720433e-14,F
92,106,10,7,0.7,1.164976928401569e-14,F
92,107,11,8,0.7272727272727273,1.8559147477842895e-14,F
92,108,11,8,0.7272727272727273,2.0229454098181013e-14,F
92,116,14,8,0.5714285714285714,4.486811448637176e-14,F
92,117,9,8,0.8888888888888888,3.980978195613485e-15,F
92,118,10,7,0.7,0.0,F
92,119,8,7,0.875,2.43175027640416e-14,F
92,120,5,0,0.0,inf,none
92,121,9,7,0.7777777777777778,7.70985482216862e-15,F
92,122,12,7,0.5833333333333334,0.0,F
92,123,18,11,0.6111111111111112,1.4602694867107274e-13,F
93,96,13,7,0.5384615384615384,1.4854792878627246e-14,F
93,97,10,7,0.7,0.0,F
93,98,10,7,0.7,2.05244400983259e-14,F
93,99,7,0,0.0,inf,none
93,100,7,0,0.0,inf,none
93,101,6,0,0.0,inf,none
93,102,10,7,0.7,2.2064122379736144e-14,F
93,103,7,0,0.0,inf,none
93,104,9,7,0.7777777777777778,0.0,F
93,105,6,0,0.0,inf,none
93,106,6,0,0.0,inf,none
93,107,5,0,0.0,inf,none
93,108,10,7,0.7,3.3013905330206775e-14,F
93,109,9,7,0.7777777777777778,1.430992877091055e-14,F
93,114,8,7,0.875,1.951920172531523e-14,F
93,115,7,0,0.0,inf,none
93,116,10,8,0.8,3.0982578021155824e-14,F
93,117,6,0,0.0,inf,none
93,118,12,7,0.5833333333333334,2.1617734322467233e-14,F
93,119,7,0,0.0,inf,none
93,120,10,7,0.7,1.8550768627928656e-14,F
93,121,13,7,0.5384615384615384,1.941374951151386e-14,F
93,122,9,7,0.7777777777777778,1.1116488351852697e-14,F
93,123,11,7,0.6363636363636364,2.8490976396698675e-14,F
94,95,68,51,0.75,0.295370876789093,F
94,96,11,7,0.6363636363636364,2.3989069126875533e-14,F
94,97,6,0,0.0,inf,none
94,109,10,7,0.7,3.2371613798830995e-14,F
94,110,12,7,0.5833333333333334,2.154261097037525e-14,F
94,111,9,7,0.7777777777777778,0.0,F
94,112,9,8,0.8888888888888888,0.0,F
94,113,8,7,0.875,2.0959430480256558e-14,F
94,114,6,0,0.0,inf,none
94,115,8,7,0.875,1.8322505107104883e-14,F
94,116,8,7,0.875,1.5551355504999503e-14,F
94,117,8,7,0.875,4.5346616103769926e-15,F
94,123,6,0,0.0,inf,none
94,124,5,0,0.0,inf,none
94,125,9,8,0.8888888888888888,3.6530870830501355e-14,F
95,96,45,34,0.7555555555555555,0.31603944301605225,F
95,97,12,7,0.5833333333333334,0.0,F
95,98,6,0,0.0,inf,none
95,108,14,8,0.5714285714285714,1.1742112815925354e-14,F
95,109,12,8,0.6666666666666666,1.2200588033351584e-14,F
95,110,8,8,1.0,0.0,F
95,111,9,7,0.7777777777777778,1.2861438056601705e-14,F
95,112,8,7,0.875,4.312785141491991e-14,F
95,113,8,7,0.875,3.6560317083879704e-14,F
95,114,7,0,0.0,inf,none
95,115,10,7,0.7,3.232544372694206e-14,F
95,116,11,7,0.6363636363636364,3.0431532266990066e-14,F
95,117,10,7,0.7,1.3858236593325933e-14,F
95,123,12,8,0.6666666666666666,1.151282269116951e-14,F
95,124,11,7,0.6363636363636364,0.0,F
95,125,13,7,0.5384615384615384,1.2188981987908305e-14,F
96,97,77,55,0.7142857142857143,0.27774620056152344,F
96,98,19,9,0.47368421052631576,5.430543710029101e-14,F
96,105,10,8,0.8,2.3031689809450626e-14,F
96,106,8,7,0.875,1.081395020595009e-14,F
96,107,9,7,0.7777777777777778,0.0,F
96,108,7,0,0.0,inf,none
96,109,5,0,0.0,inf,none
96,110,6,0,0.0,inf,none
96,111,12,8,0.6666666666666666,5.757573051271914e-15,F
96,112,8,7,0.875,2.8255921365703818e-14,F
96,113,9,7,0.7777777777777778,2.163762435013466e-14,F
96,114,5,0,0.0,inf,none
96,115,10,7,0.7,1.751433403147061e-14,F
96,116,5,0,0.0,inf,none
96,117,6,0,0.0,inf,none
96,118,12,7,0.5833333333333334,2.6965808871872582e-14,F
96,123,7,0,0.0,inf,none
96,124,8,7,0.875,0.0,F
96,125,9,7,0.7777777777777778,1.9703566916614602e-14,F
97,98,115,103,0.8956521739130435,0.3431055247783661,F
97,99,14,8,0.5714285714285714,1.7863241810224528e-13,F
97,100,12,7,0.5833333333333334,2.3143386350139156e-14,F
97,101,13,7,0.5384615384615384,0.0,F
97,102,13,9,0.6923076923076923,0.0,F
97,103,7,0,0.0,inf,none
97,104,4,0,0.0,inf,none
97,105,10,7,0.7,1.3900046986635353e-14,F
97,106,6,0,0.0,inf,none
97,107,7,0,0.0,inf,none
97,108,6,0,0.0,inf,none
97,109,9,7,0.7777777777777778,4.642954179760392e-14,F
97,114,8,7,0.875,2.598004378631929e-14,F
97,115,11,8,0.7272727272727273,4.1714153425952485e-15,F
97,116,12,7,0.5833333333333334,1.2618946076329955e-14,F
97,117,5,0,0.0,inf,none
97,118,12,7,0.5833333333333334,3.7323717386053903e-14,F
97,119,11,7,0.6363636363636364,0.0,F
97,120,6,0,0.0,inf,none
97,121,10,7,0.7,2.015126109868818e-14,F
97,123,9,7,0.7777777777777778,2.8177874055877912e-14,F
98,99,52,44,0.8461538461538461,0.3393247425556183,F
98,100,10,7,0.7,4.770100940220019e-14,F
98,101,12,7,0.5833333333333334,3.4742757173793215e-14,F
98,102,7,0,0.0,inf,none
98,103,5,0,0.0,inf,none
98,104,6,0,0.0,inf,none
98,105,11,7,0.6363636363636364,6.770759981459618e-15,F
98,106,10,7,0.7,8.580913858971789e-15,F
98,107,7,0,0.0,inf,none
98,108,4,0,0.0,inf,none
98,114,13,7,0.5384615384615384,2.5988029612946002e-14,F
98,115,3,0,0.0,inf,none
98,116,14,8,0.5714285714285714,9.890012257502551e-14,F
98,117,8,7,0.875,1.0211650488145974e-14,F
98,118,7,0,0.0,inf,none
98,119,7,0,0.0,inf,none
98,120,11,7,0.6363636363636364,1.4102725877287309e-14,F
98,121,8,7,0.875,4.852917045538967e-14,F
98,122,10,7,0.7,0.0,F
98,123,6,0,0.0,inf,none
99,100,51,29,0.5686274509803921,0.18107464909553528,F
99,101,12,8,0.6666666666666666,0.0,F
99,102,9,8,0.8888888888888888,6.2167603692969e-14,F
99,103,9,7,0.7777777777777778,4.146882219124154e-14,F
99,104,9,7,0.7777777777777778,8.645899920751033e-15,F
99,105,13,7,0.5384615384615384,2.6227577306693096e-14,F
99,106,10,7,0.7,8.166336124037013e-15,F
99,107,5,0,0.0,inf,none
99,108,7,0,0.0,inf,none
99,116,9,7,0.7777777777777778,3.605452999415164e-14,F
99,117,7,0,0.0,inf,none
99,118,4,0,0.0,inf,none
99,119,9,8,0.8888888888888888,0.0,F
99,120,6,0,0.0,inf,none
99,121,8,7,0.875,1.4134982585984647e-14,F
99,122,5,0,0.0,inf,none
99,123,10,7,0.7,1.6870724516828903e-14,F
100,101,79,59,0.7468354430379747,0.19767288863658905,F
100,102,17,10,0.5882352941176471,1.265983845533114e-13,F
100,103,8,7,0.875,2.3890095021054762e-14,F
100,104,6,0,0.0,inf,none
100,105,13,7,0.5384615384615384,1.9544057060119462e-14,F
100,106,8,7,0.875,1.2154868582990586e-14,F
100,107,10,7,0.7,1.050702273531481e-14,F
100,108,6,0,0.0,inf,none
100,116,5,0,0.0,inf,none
100,117,13,7,0.5384615384615384,1.0817934648933974e-14,F
100,118,4,0,0.0,inf,none
100,119,8,7,0.875,1.46270765410874e-14,F
100,120,8,7,0.875,2.560327336698521e-14,F
100,121,9,7,0.7777777777777778,1.2532088776819657e-14,F
100,122,8,7,0.875,4.336648600714987e-15,F
100,123,5,0,0.0,inf,none
101,102,52,40,0.7692307692307693,0.2567787766456604,F
101,103,13,7,0.5384615384615384,2.2843075900887827e-14,F
101,104,9,7,0.7777777777777778,1.1852633674883095e-14,F
101,105,7,0,0.0,inf,none
101,106,13,7,0.5384615384615384,4.225158905472176e-14,F
101,107,16,8,0.5,4.569316523457892e-14,F
101,108,9,7,0.7777777777777778,1.7135071641205708e-14,F
101,116,3,0,0.0,inf,none
101,117,7,0,0.0,inf,none
101,118,14,8,0.5714285714285714,8.074943301907347e-14,F
101,119,7,0,0.0,inf,none
101,120,6,0,0.0,inf,none
101,121,9,7,0.7777777777777778,1.3814062978093674e-14,F
101,122,8,7,0.875,4.063119469783355e-14,F
102,103,91,74,0.8131868131868132,0.19076776504516602,F
102,104,15,9,0.6,8.761752174485382e-14,F
102,105,12,8,0.6666666666666666,8.500209406790346e-15,F
102,106,8,7,0.875,0.0,F
102,107,5,0,0.0,inf,none
102,108,5,0,0.0,inf,none
102,118,7,0,0.0,inf,none
102,119,6,0,0.0,inf,none
102,120,10,7,0.7,1.5820661160249536e-14,F
102,121,4,0,0.0,inf,none
102,122,12,7,0.5833333333333334,0.0,F
103,104,75,61,0.8133333333333334,0.36313456296920776,F
103,105,6,0,0.0,inf,none
103,106,10,7,0.7,2.1048274072028167e-14,F
103,107,11,7,0.6363636363636364,1.3457780591687781e-14,F
103,108,11,7,0.6363636363636364,7.572677836360786e-15,F
103,116,6,0,0.0,inf,none
103,117,7,0,0.0,inf,none
103,118,7,0,0.0,inf,none
103,119,8,7,0.875,4.829055449788455e-14,F
103,120,3,0,0.0,inf,none
103,121,14,8,0.5714285714285714,1.169557174360552e-14,F
103,122,4,0,0.0,inf,none
104,105,40,30,0.75,0.2252463400363922,F
104,106,8,7,0.875,7.065174996694762e-14,F
104,107,11,7,0.6363636363636364,0.0,F
104,108,12,7,0.5833333333333334,1.7881190777190026e-14,F
104,116,9,7,0.7777777777777778,1.4903793734625907e-14,F
104,117,3,0,0.0,inf,none
104,118,9,7,0.7777777777777778,1.517278429361956e-14,F
104,119,10,7,0.7,0.0,F
104,120,3,0,0.0,inf,none
104,121,8,7,0.875,1.2972640777081986e-14,F
104,122,8,7,0.875,2.866729477499913e-14,F
104,123,11,7,0.6363636363636364,1.411631143872832e-14,F
105,106,60,50,0.8333333333333334,0.3566640317440033,F
105,107,11,8,0.7272727272727273,1.0226457471096927e-14,F
105,108,11,7,0.6363636363636364,1.3324250929750824e-14,F
105,116,6,0,0.0,inf,none
105,117,6,0,0.0,inf,none
105,118,7,0,0.0,inf,none
105,119,5,0,0.0,inf,none
105,120,9,7,0.7777777777777778,1.9464683296698156e-14,F
105,121,8,7,0.875,1.53497243941033e-14,F
105,122,8,7,0.875,2.40835404055487e-14,F
105,123,10,8,0.8,1.91264054426191e-14,F
106,107,35,27,0.7714285714285715,0.1952718049287796,F
106,108,13,7,0.5384615384615384,2.6382941783944375e-14,F
106,116,9,7,0.7777777777777778,1.752330241631614e-14,F
106,117,7,0,0.0,inf,none
106,118,17,8,0.47058823529411764,5.457536278365843e-14,F
106,119,8,7,0.875,0.0,F
106,120,11,7,0.6363636363636364,1.65270629213371e-14,F
106,121,10,7,0.7,3.038201133276179e-14,F
106,122,8,7,0.875,2.2144234755887456e-14,F
106,123,14,8,0.5714285714285714,0.0,F
107,108,103,91,0.883495145631068,0.30208733677864075,F
107,116,12,7,0.5833333333333334,1.2892995963117559e-14,F
107,117,11,7,0.6363636363636364,1.6152267782836016e-14,F
107,118,9,7,0.7777777777777778,1.5641251111691602e-14,F
107,119,7,0,0.0,inf,none
107,120,8,8,1.0,2.4147193237468965e-14,F
107,121,12,7,0.5833333333333334,1.0125122684452158e-14,F
107,122,9,8,0.8888888888888888,5.207236687199482e-14,F
107,123,10,7,0.7,1.9658575914588243e-14,F
108,114,6,0,0.0,inf,none
108,115,12,7,0.5833333333333334,1.232812070202198e-14,F
108,116,11,7,0.6363636363636364,3.201667988887713e-14,F
108,117,14,8,0.5714285714285714,8.971186152891691e-14,F
108,118,8,7,0.875,3.346325630872518e-14,F
108,119,9,7,0.7777777777777778,2.9195531625961224e-14,F
108,120,7,0,0.0,inf,none
108,121,10,7,0.7,1.032912040540299e-14,F
108,122,7,0,0.0,inf,none
108,123,10,7,0.7,1.649370506980833e-14,F
109,110,34,22,0.6470588235294118,0.24443978071212769,F
109,111,10,7,0.7,2.9274166776652524e-14,F
109,112,6,0,0.0,inf,none
109,113,12,8,0.6666666666666666,4.3751548879037566e-14,F
109,114,10,7,0.7,0.0,F
109,115,10,8,0.8,3.0471871364070105e-14,F
109,116,8,7,0.875,1.1059287369891667e-14,F
109,117,13,7,0.5384615384615384,2.0892404763140325e-14,F
109,123,6,0,0.0,inf,none
109,124,5,0,0.0,inf,none
109,125,7,0,0.0,inf,none
110,111,51,36,0.7058823529411765,0.5342249870300293,F
110,112,13,9,0.6923076923076923,3.1813127707256555e-14,F
110,113,13,7,0.5384615384615384,2.1048182592469863e-14,F
110,114,14,8,0.5714285714285714,7.593914646414346e-14,F
110,115,9,7,0.7777777777777778,8.788611419836227e-15,F
110,123,10,7,0.7,3.4911784292483705e-14,F
110,124,11,7,0.6363636363636364,9.030728164512343e-15,F
110,125,7,0,0.0,inf,none
111,112,56,46,0.8214285714285714,0.2533321976661682,F
111,113,12,9,0.75,0.0,F
111,114,10,7,0.7,3.344491635135123e-14,F
111,115,4,0,0.0,inf,none
111,124,10,8,0.8,0.0,F
111,125,8,7,0.875,1.616350791004608e-14,F
112,113,81,63,0.7777777777777778,0.3448644280433655,F
112,114,16,10,0.625,2.735697410792548e-13,F
112,115,10,7,0.7,1.721643932018485e-14,F
112,123,5,0,0.0,inf,none
112,124,8,7,0.875,3.2278189452880635e-14,F
112,125,5,0,0.0,inf,none
113,114,69,59,0.855072463768116,0.1994670182466507,F
113,115,8,8,1.0,2.4354316509995165e-14,F
113,116,5,0,0.0,inf,none
113,123,6,0,0.0,inf,none
113,124,7,0,0.0,inf,none
113,125,11,8,0.7272727272727273,2.7345244056858724e-14,F
114,115,76,60,0.7894736842105263,0.28011536598205566,F
114,116,16,9,0.5625,1.1052005258237532e-13,F
114,117,11,7,0.6363636363636364,3.5041376945281824e-14,F
114,123,11,7,0.6363636363636364,1.7335613467731742e-14,F
114,124,9,7,0.7777777777777778,2.845392717558577e-14,F
114,125,13,8,0.6153846153846154,2.4669958255591797e-14,F
115,116,91,68,0.7472527472527473,0.33829277753829956,F
115,117,10,8,0.8,0.0,F
115,123,14,8,0.5714285714285714,8.2655026757434e-14,F
115,124,16,9,0.5625,2.1647944938377184e-13,F
115,125,5,0,0.0,inf,none
116,117,96,73,0.7604166666666666,0.23125673830509186,F
116,118,11,7,0.6363636363636364,3.813836656966878e-14,F
116,119,10,7,0.7,1.274924938977082e-14,F
116,120,14,8,0.5714285714285714,2.844542974105892e-14,F
116,121,5,0,0.0,inf,none
116,123,10,7,0.7,1.608813383620171e-14,F
117,118,47,34,0.723404255319149,0.331508994102478,F
117,119,17,10,0.5882352941176471,5.0084722746099666e-14,F
117,120,12,8,0.6666666666666666,1.7241896048381632e-14,F
117,121,12,7,0.5833333333333334,3.4124809369321524e-14,F
117,123,21,10,0.47619047619047616,7.780892087323049e-14,F
118,119,62,53,0.8548387096774194,0.3217949867248535,F
118,120,19,11,0.5789473684210527,3.411843629342638e-14,F
118,121,10,7,0.7,1.0380551398927323e-14,F
118,122,9,7,0.7777777777777778,9.188837028512725e-15,F
118,123,11,7,0.6363636363636364,3.2037730351682295e-14,F
119,120,102,78,0.7647058823529411,0.2659059464931488,F
119,121,17,11,0.6470588235294118,4.212882009934672e-14,F
119,122,13,7,0.5384615384615384,1.917213336330957e-14,F
119,123,7,0,0.0,inf,none
120,121,96,80,0.8333333333333334,0.28198927640914917,F
120,122,18,11,0.6111111111111112,4.3193831893379234e-14,F
121,122,113,93,0.8230088495575221,0.24783015251159668,F
124,125,271,244,0.9003690036900369,0.25278913974761963,F
126,127,19,11,0.5789473684210527,1.2581134864377702e-13,F
126,134,12,8,0.6666666666666666,2.6531734979590854e-14,F
126,139,12,7,0.5833333333333334,1.2157409681832348e-14,F
126,142,8,7,0.875,0.0,F
126,150,10,9,0.9,3.2261574054587294e-14,F
126,156,18,11,0.6111111111111112,6.551552513391415e-14,F
127,128,57,42,0.7368421052631579,0.2387792468070984,F
127,132,8,7,0.875,2.6761717977297553e-14,F
127,139,5,0,0.0,inf,none
127,142,10,7,0.7,2.2110455081950954e-14,F
127,150,5,0,0.0,inf,none
128,129,69,43,0.6231884057971014,0.2310614436864853,F
128,131,13,7,0.5384615384615384,0.0,F
128,132,7,0,0.0,inf,none
128,133,9,7,0.7777777777777778,0.0,F
128,146,7,0,0.0,inf,none
128,147,10,7,0.7,1.5112617849310193e-14,F
128,149,12,7,0.5833333333333334,2.457820764674521e-14,F
128,150,5,0,0.0,inf,none
128,155,6,0,0.0,inf,none
128,162,11,7,0.6363636363636364,3.5570559085013054e-14,F
129,130,19,10,0.5263157894736842,5.95775802281727e-14,F
129,131,15,9,0.6,4.739643668315828e-14,F
129,132,14,8,0.5714285714285714,1.0066049759677696e-14,F
129,133,13,7,0.5384615384615384,1.8445177500723935e-14,F
129,145,11,7,0.6363636363636364,1.8354643231189606e-14,F
129,146,9,7,0.7777777777777778,1.4227575145580804e-14,F
129,161,10,7,0.7,2.2481919686903433e-14,F
130,131,55,37,0.6727272727272727,0.3676470220088959,F
130,145,7,0,0.0,inf,none
130,146,14,8,0.5714285714285714,2.237869178162155e-14,F
131,132,54,44,0.8148148148148148,0.29150474071502686,F
131,133,5,0,0.0,inf,none
131,145,9,7,0.7777777777777778,6.060075537087442e-14,F
131,146,4,0,0.0,inf,none
132,133,17,11,0.6470588235294118,4.3715936225803206e-14,F
132,146,6,0,0.0,inf,none
132,147,15,8,0.5333333333333333,6.536093823290845e-14,F
132,149,11,7,0.6363636363636364,9.113444319943514e-15,F
132,155,5,0,0.0,inf,none
132,162,2,0,0.0,inf,none
133,134,47,34,0.723404255319149,0.47067326307296753,F
133,146,16,9,0.5625,2.0746422022812835e-14,F
133,147,5,0,0.0,inf,none
133,149,9,7,0.7777777777777778,1.2497267252358033e-14,F
133,155,10,7,0.7,1.558699695735407e-14,F
133,162,12,8,0.6666666666666666,8.031631627402214e-15,F
134,135,30,17,0.5666666666666667,0.2790040969848633,F
134,139,5,0,0.0,inf,none
134,140,8,7,0.875,1.3048864424972453e-14,F
134,147,11,8,0.7272727272727273,2.6531101398946308e-14,F
134,148,5,0,0.0,inf,none
134,149,8,8,1.0,3.312155305340743e-14,F
134,150,6,0,0.0,inf,none
134,155,7,0,0.0,inf,none
134,156,6,0,0.0,inf,none
134,162,9,8,0.8888888888888888,2.0507838252559717e-14,F
135,140,9,7,0.7777777777777778,0.0,F
135,141,6,0,0.0,inf,none
135,148,4,0,0.0,inf,none
135,156,12,7,0.5833333333333334,7.433239272583783e-15,F
135,157,8,7,0.875,1.0997880022314572e-15,F
135,158,18,10,0.5555555555555556,9.873489016393872e-14,F
135,159,14,8,0.5714285714285714,1.52436030242736e-14,F
136,137,57,36,0.631578947368421,0.3699793815612793,F
136,138,6,0,0.0,inf,none
136,141,13,7,0.5384615384615384,1.6094527240887585e-14,F
136,156,13,7,0.5384615384615384,1.0820809478756955e-14,F
136,157,7,0,0.0,inf,none
136,158,9,4,0.4444444444444444,0.0,H
137,138,14,8,0.5714285714285714,5.284830326178838e-14,F
138,142,2,0,0.0,inf,none
139,142,8,7,0.875,0.0,F
139,147,11,7,0.6363636363636364,0.0,F
139,149,6,0,0.0,inf,none
139,150,13,7,0.5384615384615384,1.6289664997210136e-14,F
139,156,10,7,0.7,1.6429040880549042e-14,F
140,141,110,93,0.8454545454545455,0.30423104763031006,F
140,148,2,0,0.0,inf,none
140,155,5,0,0.0,inf,none
140,156,5,0,0.0,inf,none
140,157,6,0,0.0,inf,none
140,158,8,7,0.875,9.343384118969903e-15,F
140,159,6,0,0.0,inf,none
140,162,2,0,0.0,inf,none
141,156,3,0,0.0,inf,none
141,157,6,0,0.0,inf,none
141,158,4,0,0.0,inf,none
141,159,5,0,0.0,inf,none
143,144,21,17,0.8095238095238095,8.378385062558086e-14,F
143,151,17,10,0.5882352941176471,5.104789068668611e-14,F
143,152,8,7,0.875,1.8550038485528123e-14,F
143,153,5,0,0.0,inf,none
143,154,6,0,0.0,inf,none
144,151,10,7,0.7,0.0,F
144,152,8,8,1.0,7.673883873997572e-15,F
144,153,6,0,0.0,inf,none
144,154,8,7,0.875,2.1614131044309613e-14,F
145,146,31,15,0.4838709677419355,1.94771201120561e-13,F
146,147,65,58,0.8923076923076924,0.2929355800151825,F
146,149,13,7,0.5384615384615384,7.936728361925948e-15,F
146,155,8,7,0.875,2.625363204015064e-14,F
146,162,7,0,0.0,inf,none
147,148,46,39,0.8478260869565217,0.22434565424919128,F
147,149,16,9,0.5625,1.0840661728754933e-13,F
147,150,6,0,0.0,inf,none
147,155,8,7,0.875,3.226945823726034e-14,F
147,162,4,0,0.0,inf,none
148,149,15,13,0.8666666666666667,5.507658944799848e-14,F
148,150,8,7,0.875,1.4241579988330706e-14,F
148,155,15,9,0.6,2.249592961185102e-14,F
148,162,9,8,0.8888888888888888,9.805587128396999e-15,F
149,150,47,28,0.5957446808510638,0.23958635330200195,F
149,155,5,0,0.0,inf,none
149,162,9,7,0.7777777777777778,6.550752914289207e-15,F
150,162,9,7,0.7777777777777778,2.2993605514076178e-14,F
151,152,18,13,0.7222222222222222,1.126273553586632e-13,F
151,153,7,0,0.0,inf,none
152,153,21,12,0.5714285714285714,6.238842857044999e-14,F
155,160,9,7,0.7777777777777778,1.2282379228804353e-14,F
155,162,12,8,0.6666666666666666,3.112822025423852e-14,F
156,157,55,44,0.8,0.17731189727783203,F
156,158,10,7,0.7,7.463304707046575e-15,F
156,159,6,0,0.0,inf,none
157,158,28,19,0.6785714285714286,0.004961762577295303,F
157,159,9,8,0.8888888888888888,2.4370300021709854e-14,F
158,159,53,40,0.7547169811320755,0.25115126371383667,F
159,160,17,12,0.7058823529411765,7.104946920513319e-14,F
160,161,80,60,0.75,0.23719370365142822,F
161,162,25,14,0.56,0.007577798794955015,F
