dataset,image_id,scene
ETs,another_et_another_et001,cluster_0001
ETs,another_et_another_et002,cluster_0001
ETs,another_et_another_et003,cluster_0001
ETs,another_et_another_et004,cluster_0001
ETs,another_et_another_et005,cluster_0001
ETs,another_et_another_et006,cluster_0001
ETs,another_et_another_et007,cluster_0001
ETs,another_et_another_et008,outliers
ETs,another_et_another_et009,outliers
ETs,another_et_another_et010,outliers
ETs,et_et000,cluster_0002
ETs,et_et001,cluster_0002
ETs,et_et002,cluster_0002
ETs,et_et003,cluster_0002
ETs,et_et004,cluster_0002
ETs,et_et005,cluster_0003
ETs,et_et006,cluster_0003
ETs,et_et007,cluster_0003
ETs,et_et008,cluster_0003
ETs,outliers_out_et001,outliers
ETs,outliers_out_et002,outliers
ETs,outliers_out_et003,outliers
amy_gardens,peach_0000,outliers
amy_gardens,peach_0001,outliers
amy_gardens,peach_0002,outliers
amy_gardens,peach_0003,cluster_0010
amy_gardens,peach_0004,outliers
amy_gardens,peach_0005,cluster_0001
amy_gardens,peach_0006,cluster_0011
amy_gardens,peach_0007,cluster_0012
amy_gardens,peach_0008,outliers
amy_gardens,peach_0009,cluster_0001
amy_gardens,peach_0010,outliers
amy_gardens,peach_0011,outliers
amy_gardens,peach_0012,outliers
amy_gardens,peach_0013,outliers
amy_gardens,peach_0014,cluster_0006
amy_gardens,peach_0015,outliers
amy_gardens,peach_0016,outliers
amy_gardens,peach_0017,outliers
amy_gardens,peach_0018,outliers
amy_gardens,peach_0019,cluster_0013
amy_gardens,peach_0020,cluster_0014
amy_gardens,peach_0021,cluster_0015
amy_gardens,peach_0022,outliers
amy_gardens,peach_0023,outliers
amy_gardens,peach_0024,outliers
amy_gardens,peach_0025,cluster_0007
amy_gardens,peach_0026,cluster_0014
amy_gardens,peach_0027,cluster_0010
amy_gardens,peach_0028,cluster_0016
amy_gardens,peach_0029,outliers
amy_gardens,peach_0030,outliers
amy_gardens,peach_0031,outliers
amy_gardens,peach_0032,cluster_0017
amy_gardens,peach_0033,cluster_0002
amy_gardens,peach_0034,cluster_0018
amy_gardens,peach_0035,cluster_0019
amy_gardens,peach_0036,outliers
amy_gardens,peach_0037,cluster_0004
amy_gardens,peach_0038,cluster_0003
amy_gardens,peach_0039,outliers
amy_gardens,peach_0040,cluster_0014
amy_gardens,peach_0041,outliers
amy_gardens,peach_0042,cluster_0007
amy_gardens,peach_0043,outliers
amy_gardens,peach_0044,outliers
amy_gardens,peach_0045,cluster_0005
amy_gardens,peach_0046,outliers
amy_gardens,peach_0047,outliers
amy_gardens,peach_0048,outliers
amy_gardens,peach_0049,outliers
amy_gardens,peach_0050,cluster_0008
amy_gardens,peach_0051,outliers
amy_gardens,peach_0052,outliers
amy_gardens,peach_0053,cluster_0006
amy_gardens,peach_0054,outliers
amy_gardens,peach_0055,outliers
amy_gardens,peach_0056,outliers
amy_gardens,peach_0057,outliers
amy_gardens,peach_0058,cluster_0010
amy_gardens,peach_0059,outliers
amy_gardens,peach_0060,cluster_0009
amy_gardens,peach_0061,cluster_0019
amy_gardens,peach_0062,outliers
amy_gardens,peach_0063,outliers
amy_gardens,peach_0064,outliers
amy_gardens,peach_0065,cluster_0002
amy_gardens,peach_0066,outliers
amy_gardens,peach_0067,cluster_0013
amy_gardens,peach_0068,outliers
amy_gardens,peach_0069,cluster_0017
amy_gardens,peach_0070,outliers
amy_gardens,peach_0071,outliers
amy_gardens,peach_0072,cluster_0015
amy_gardens,peach_0073,outliers
amy_gardens,peach_0074,outliers
amy_gardens,peach_0075,cluster_0002
amy_gardens,peach_0076,cluster_0004
amy_gardens,peach_0077,cluster_0015
amy_gardens,peach_0078,outliers
amy_gardens,peach_0079,outliers
amy_gardens,peach_0080,cluster_0005
amy_gardens,peach_0081,cluster_0004
amy_gardens,peach_0082,outliers
amy_gardens,peach_0083,outliers
amy_gardens,peach_0084,outliers
amy_gardens,peach_0085,outliers
amy_gardens,peach_0086,outliers
amy_gardens,peach_0087,cluster_0002
amy_gardens,peach_0088,cluster_0016
amy_gardens,peach_0089,cluster_0002
amy_gardens,peach_0090,outliers
amy_gardens,peach_0091,cluster_0002
amy_gardens,peach_0092,cluster_0020
amy_gardens,peach_0093,outliers
amy_gardens,peach_0094,cluster_0001
amy_gardens,peach_0095,outliers
amy_gardens,peach_0096,outliers
amy_gardens,peach_0097,cluster_0019
amy_gardens,peach_0098,cluster_0006
amy_gardens,peach_0099,cluster_0003
amy_gardens,peach_0100,outliers
amy_gardens,peach_0101,cluster_0020
amy_gardens,peach_0102,cluster_0009
amy_gardens,peach_0103,cluster_0007
amy_gardens,peach_0104,cluster_0002
amy_gardens,peach_0105,outliers
amy_gardens,peach_0106,cluster_0003
amy_gardens,peach_0107,cluster_0005
amy_gardens,peach_0108,cluster_0001
amy_gardens,peach_0109,outliers
amy_gardens,peach_0110,cluster_0001
amy_gardens,peach_0111,cluster_0003
amy_gardens,peach_0112,cluster_0003
amy_gardens,peach_0113,cluster_0008
amy_gardens,peach_0114,cluster_0018
amy_gardens,peach_0115,outliers
amy_gardens,peach_0116,cluster_0011
amy_gardens,peach_0117,cluster_0018
amy_gardens,peach_0118,cluster_0011
amy_gardens,peach_0119,cluster_0021
amy_gardens,peach_0120,outliers
amy_gardens,peach_0121,cluster_0005
amy_gardens,peach_0122,outliers
amy_gardens,peach_0123,outliers
amy_gardens,peach_0124,outliers
amy_gardens,peach_0125,cluster_0001
amy_gardens,peach_0126,cluster_0005
amy_gardens,peach_0127,outliers
amy_gardens,peach_0128,cluster_0002
amy_gardens,peach_0129,outliers
amy_gardens,peach_0130,outliers
amy_gardens,peach_0131,cluster_0009
amy_gardens,peach_0132,outliers
amy_gardens,peach_0133,outliers
amy_gardens,peach_0134,outliers
amy_gardens,peach_0135,outliers
amy_gardens,peach_0136,cluster_0008
amy_gardens,peach_0137,outliers
amy_gardens,peach_0138,outliers
amy_gardens,peach_0139,outliers
amy_gardens,peach_0140,outliers
amy_gardens,peach_0141,cluster_0004
amy_gardens,peach_0142,outliers
amy_gardens,peach_0143,cluster_0004
amy_gardens,peach_0144,outliers
amy_gardens,peach_0145,cluster_0012
amy_gardens,peach_0146,cluster_0002
amy_gardens,peach_0147,cluster_0017
amy_gardens,peach_0148,cluster_0003
amy_gardens,peach_0149,outliers
amy_gardens,peach_0150,outliers
amy_gardens,peach_0151,cluster_0022
amy_gardens,peach_0152,cluster_0006
amy_gardens,peach_0153,outliers
amy_gardens,peach_0154,cluster_0022
amy_gardens,peach_0155,outliers
amy_gardens,peach_0156,outliers
amy_gardens,peach_0157,cluster_0021
amy_gardens,peach_0158,outliers
amy_gardens,peach_0159,cluster_0008
amy_gardens,peach_0160,cluster_0001
amy_gardens,peach_0161,cluster_0016
amy_gardens,peach_0162,cluster_0003
amy_gardens,peach_0163,outliers
amy_gardens,peach_0164,outliers
amy_gardens,peach_0165,outliers
amy_gardens,peach_0166,cluster_0013
amy_gardens,peach_0167,cluster_0003
amy_gardens,peach_0168,outliers
amy_gardens,peach_0169,outliers
amy_gardens,peach_0170,outliers
amy_gardens,peach_0171,cluster_0022
amy_gardens,peach_0172,outliers
amy_gardens,peach_0173,outliers
amy_gardens,peach_0174,outliers
amy_gardens,peach_0175,outliers
amy_gardens,peach_0176,cluster_0001
amy_gardens,peach_0177,cluster_0012
amy_gardens,peach_0178,outliers
amy_gardens,peach_0179,cluster_0001
amy_gardens,peach_0180,outliers
amy_gardens,peach_0181,outliers
amy_gardens,peach_0182,cluster_0001
amy_gardens,peach_0183,cluster_0002
amy_gardens,peach_0184,outliers
amy_gardens,peach_0185,cluster_0001
amy_gardens,peach_0186,outliers
amy_gardens,peach_0187,cluster_0021
amy_gardens,peach_0188,cluster_0007
amy_gardens,peach_0189,outliers
amy_gardens,peach_0190,outliers
amy_gardens,peach_0191,outliers
amy_gardens,peach_0192,outliers
amy_gardens,peach_0193,outliers
amy_gardens,peach_0194,cluster_0020
amy_gardens,peach_0195,outliers
amy_gardens,peach_0196,cluster_0009
amy_gardens,peach_0197,cluster_0001
amy_gardens,peach_0198,outliers
amy_gardens,peach_0199,cluster_0004
fbk_vineyard,vineyard_split_1_frame_0900,outliers
fbk_vineyard,vineyard_split_1_frame_0905,outliers
fbk_vineyard,vineyard_split_1_frame_0910,outliers
fbk_vineyard,vineyard_split_1_frame_0915,outliers
fbk_vineyard,vineyard_split_1_frame_0920,outliers
fbk_vineyard,vineyard_split_1_frame_0925,cluster_0007
fbk_vineyard,vineyard_split_1_frame_0930,cluster_0007
fbk_vineyard,vineyard_split_1_frame_0935,cluster_0007
fbk_vineyard,vineyard_split_1_frame_0940,cluster_0008
fbk_vineyard,vineyard_split_1_frame_0945,cluster_0008
fbk_vineyard,vineyard_split_1_frame_0950,cluster_0008
fbk_vineyard,vineyard_split_1_frame_0955,outliers
fbk_vineyard,vineyard_split_1_frame_0960,outliers
fbk_vineyard,vineyard_split_1_frame_0965,outliers
fbk_vineyard,vineyard_split_1_frame_0970,outliers
fbk_vineyard,vineyard_split_1_frame_0975,cluster_0009
fbk_vineyard,vineyard_split_1_frame_0980,cluster_0009
fbk_vineyard,vineyard_split_1_frame_0985,cluster_0009
fbk_vineyard,vineyard_split_1_frame_0990,outliers
fbk_vineyard,vineyard_split_1_frame_0995,outliers
fbk_vineyard,vineyard_split_1_frame_1000,outliers
fbk_vineyard,vineyard_split_1_frame_1005,outliers
fbk_vineyard,vineyard_split_1_frame_1010,outliers
fbk_vineyard,vineyard_split_1_frame_1015,outliers
fbk_vineyard,vineyard_split_1_frame_1020,outliers
fbk_vineyard,vineyard_split_1_frame_1025,outliers
fbk_vineyard,vineyard_split_1_frame_1030,outliers
fbk_vineyard,vineyard_split_1_frame_1035,outliers
fbk_vineyard,vineyard_split_1_frame_1040,outliers
fbk_vineyard,vineyard_split_1_frame_1045,outliers
fbk_vineyard,vineyard_split_1_frame_1050,cluster_0005
fbk_vineyard,vineyard_split_1_frame_1055,cluster_0005
fbk_vineyard,vineyard_split_1_frame_1060,cluster_0005
fbk_vineyard,vineyard_split_1_frame_1065,cluster_0005
fbk_vineyard,vineyard_split_1_frame_1070,outliers
fbk_vineyard,vineyard_split_1_frame_1075,outliers
fbk_vineyard,vineyard_split_1_frame_1080,outliers
fbk_vineyard,vineyard_split_1_frame_1085,outliers
fbk_vineyard,vineyard_split_1_frame_1090,outliers
fbk_vineyard,vineyard_split_1_frame_1095,cluster_0010
fbk_vineyard,vineyard_split_1_frame_1100,cluster_0010
fbk_vineyard,vineyard_split_1_frame_1105,cluster_0010
fbk_vineyard,vineyard_split_1_frame_1110,outliers
fbk_vineyard,vineyard_split_2_frame_1150,outliers
fbk_vineyard,vineyard_split_2_frame_1155,outliers
fbk_vineyard,vineyard_split_2_frame_1160,outliers
fbk_vineyard,vineyard_split_2_frame_1165,cluster_0011
fbk_vineyard,vineyard_split_2_frame_1170,cluster_0011
fbk_vineyard,vineyard_split_2_frame_1175,cluster_0011
fbk_vineyard,vineyard_split_2_frame_1180,outliers
fbk_vineyard,vineyard_split_2_frame_1185,cluster_0012
fbk_vineyard,vineyard_split_2_frame_1190,cluster_0012
fbk_vineyard,vineyard_split_2_frame_1195,cluster_0012
fbk_vineyard,vineyard_split_2_frame_1200,outliers
fbk_vineyard,vineyard_split_2_frame_1205,cluster_0013
fbk_vineyard,vineyard_split_2_frame_1210,cluster_0013
fbk_vineyard,vineyard_split_2_frame_1215,cluster_0013
fbk_vineyard,vineyard_split_2_frame_1220,outliers
fbk_vineyard,vineyard_split_2_frame_1225,outliers
fbk_vineyard,vineyard_split_2_frame_1230,outliers
fbk_vineyard,vineyard_split_2_frame_1235,outliers
fbk_vineyard,vineyard_split_2_frame_1240,outliers
fbk_vineyard,vineyard_split_2_frame_1245,outliers
fbk_vineyard,vineyard_split_2_frame_1250,outliers
fbk_vineyard,vineyard_split_2_frame_1255,outliers
fbk_vineyard,vineyard_split_2_frame_1260,outliers
fbk_vineyard,vineyard_split_2_frame_1265,outliers
fbk_vineyard,vineyard_split_2_frame_1270,outliers
fbk_vineyard,vineyard_split_2_frame_1275,outliers
fbk_vineyard,vineyard_split_2_frame_1280,outliers
fbk_vineyard,vineyard_split_2_frame_1285,outliers
fbk_vineyard,vineyard_split_2_frame_1290,outliers
fbk_vineyard,vineyard_split_2_frame_1295,outliers
fbk_vineyard,vineyard_split_2_frame_1300,outliers
fbk_vineyard,vineyard_split_2_frame_1305,outliers
fbk_vineyard,vineyard_split_2_frame_1310,outliers
fbk_vineyard,vineyard_split_2_frame_1315,outliers
fbk_vineyard,vineyard_split_2_frame_1320,outliers
fbk_vineyard,vineyard_split_3_frame_0070,outliers
fbk_vineyard,vineyard_split_3_frame_0075,cluster_0003
fbk_vineyard,vineyard_split_3_frame_0080,cluster_0003
fbk_vineyard,vineyard_split_3_frame_0085,cluster_0003
fbk_vineyard,vineyard_split_3_frame_0090,cluster_0003
fbk_vineyard,vineyard_split_3_frame_0095,cluster_0003
fbk_vineyard,vineyard_split_3_frame_0100,cluster_0003
fbk_vineyard,vineyard_split_3_frame_0105,cluster_0014
fbk_vineyard,vineyard_split_3_frame_0110,cluster_0014
fbk_vineyard,vineyard_split_3_frame_0115,cluster_0014
fbk_vineyard,vineyard_split_3_frame_0120,cluster_0006
fbk_vineyard,vineyard_split_3_frame_0125,cluster_0006
fbk_vineyard,vineyard_split_3_frame_0130,cluster_0006
fbk_vineyard,vineyard_split_3_frame_0135,cluster_0006
fbk_vineyard,vineyard_split_3_frame_0140,outliers
fbk_vineyard,vineyard_split_3_frame_0145,outliers
fbk_vineyard,vineyard_split_3_frame_0150,cluster_0004
fbk_vineyard,vineyard_split_3_frame_0155,cluster_0004
fbk_vineyard,vineyard_split_3_frame_0160,cluster_0004
fbk_vineyard,vineyard_split_3_frame_0165,cluster_0004
fbk_vineyard,vineyard_split_3_frame_0170,cluster_0004
fbk_vineyard,vineyard_split_3_frame_0175,cluster_0004
fbk_vineyard,vineyard_split_3_frame_0180,cluster_0002
fbk_vineyard,vineyard_split_3_frame_0185,cluster_0002
fbk_vineyard,vineyard_split_3_frame_0190,cluster_0002
fbk_vineyard,vineyard_split_3_frame_0195,cluster_0002
fbk_vineyard,vineyard_split_3_frame_0200,cluster_0002
fbk_vineyard,vineyard_split_3_frame_0205,cluster_0002
fbk_vineyard,vineyard_split_3_frame_0210,cluster_0002
fbk_vineyard,vineyard_split_3_frame_0215,outliers
fbk_vineyard,vineyard_split_3_frame_0220,outliers
fbk_vineyard,vineyard_split_3_frame_0225,outliers
fbk_vineyard,vineyard_split_3_frame_0230,cluster_0001
fbk_vineyard,vineyard_split_3_frame_0235,cluster_0001
fbk_vineyard,vineyard_split_3_frame_0240,cluster_0001
fbk_vineyard,vineyard_split_3_frame_0245,cluster_0001
fbk_vineyard,vineyard_split_3_frame_0250,cluster_0001
fbk_vineyard,vineyard_split_3_frame_0255,cluster_0001
fbk_vineyard,vineyard_split_3_frame_0260,cluster_0001
fbk_vineyard,vineyard_split_3_frame_0265,cluster_0001
fbk_vineyard,vineyard_split_3_frame_0270,cluster_0001
fbk_vineyard,vineyard_split_3_frame_0275,cluster_0001
fbk_vineyard,vineyard_split_3_frame_0280,cluster_0001
fbk_vineyard,vineyard_split_3_frame_0285,cluster_0001
fbk_vineyard,vineyard_split_3_frame_0290,cluster_0001
fbk_vineyard,vineyard_split_3_frame_0295,outliers
fbk_vineyard,vineyard_split_3_frame_0300,outliers
fbk_vineyard,vineyard_split_3_frame_0305,outliers
fbk_vineyard,vineyard_split_3_frame_1390,outliers
fbk_vineyard,vineyard_split_3_frame_1395,cluster_0015
fbk_vineyard,vineyard_split_3_frame_1400,cluster_0015
fbk_vineyard,vineyard_split_3_frame_1405,cluster_0015
fbk_vineyard,vineyard_split_3_frame_1410,cluster_0016
fbk_vineyard,vineyard_split_3_frame_1415,cluster_0016
fbk_vineyard,vineyard_split_3_frame_1420,cluster_0016
fbk_vineyard,vineyard_split_3_frame_1425,outliers
fbk_vineyard,vineyard_split_3_frame_1430,outliers
fbk_vineyard,vineyard_split_3_frame_1435,outliers
fbk_vineyard,vineyard_split_3_frame_1440,outliers
fbk_vineyard,vineyard_split_3_frame_1445,outliers
fbk_vineyard,vineyard_split_3_frame_1450,outliers
fbk_vineyard,vineyard_split_3_frame_1455,outliers
fbk_vineyard,vineyard_split_3_frame_1460,outliers
fbk_vineyard,vineyard_split_3_frame_1465,outliers
fbk_vineyard,vineyard_split_3_frame_1470,outliers
fbk_vineyard,vineyard_split_3_frame_1475,outliers
fbk_vineyard,vineyard_split_3_frame_1480,outliers
fbk_vineyard,vineyard_split_3_frame_1485,outliers
fbk_vineyard,vineyard_split_3_frame_1490,cluster_0017
fbk_vineyard,vineyard_split_3_frame_1495,cluster_0017
fbk_vineyard,vineyard_split_3_frame_1500,cluster_0017
fbk_vineyard,vineyard_split_3_frame_1505,outliers
fbk_vineyard,vineyard_split_3_frame_1510,outliers
fbk_vineyard,vineyard_split_3_frame_1515,outliers
fbk_vineyard,vineyard_split_3_frame_1520,outliers
fbk_vineyard,vineyard_split_3_frame_1525,outliers
fbk_vineyard,vineyard_split_3_frame_1530,outliers
fbk_vineyard,vineyard_split_3_frame_1535,outliers
fbk_vineyard,vineyard_split_3_frame_1540,outliers
fbk_vineyard,vineyard_split_3_frame_1545,outliers
fbk_vineyard,vineyard_split_3_frame_1550,outliers
fbk_vineyard,vineyard_split_3_frame_1555,outliers
fbk_vineyard,vineyard_split_3_frame_1560,outliers
fbk_vineyard,vineyard_split_3_frame_1565,outliers
fbk_vineyard,vineyard_split_3_frame_1570,outliers
